,timestamp,timezone,humidity,pm_2_5,pm_2_5_sp,temperature
0,2022-05-24 07:00:00,Asia/Bangkok,59.12895459,15.85571809,16.06316489,30.22273271
1,2022-05-25 07:00:00,Asia/Bangkok,54.11305197,16.4877258,17.35618342,32.89804076
2,2022-05-26 07:00:00,Asia/Bangkok,57.14595848,12.60048679,12.96070932,30.8674548
3,2022-05-27 07:00:00,Asia/Bangkok,52.16521169,9.318757192,9.883435583,32.64774156
4,2022-05-28 07:00:00,Asia/Bangkok,53.44520678,11.21183432,11.82899921,32.40746651
5,2022-05-29 07:00:00,Asia/Bangkok,60.24971541,10.20656692,10.5105941,30.38336103
6,2022-05-30 07:00:00,Asia/Bangkok,65.00393493,13.19477526,15.52607362,29.20477761
7,2022-05-31 07:00:00,Asia/Bangkok,60.80083392,11.92555641,12.76466079,30.61986202
8,2022-06-01 07:00:00,Asia/Bangkok,56.33571097,7.966167231,8.59159014,31.7361044
9,2022-06-02 07:00:00,Asia/Bangkok,55.0994745,8.348869565,8.601043478,32.07888
10,2022-06-03 07:00:00,Asia/Bangkok,52.60889662,8.684210526,8.89354425,32.36370671
11,2022-06-04 07:00:00,Asia/Bangkok,54.37209136,14.21960616,14.69730654,32.83432236
12,2022-06-05 07:00:00,Asia/Bangkok,58.66200915,10.7412037,11.42209894,31.3657374
13,2022-06-06 07:00:00,Asia/Bangkok,57.47169918,9.617238562,9.898450245,31.1391354
14,2022-06-07 07:00:00,Asia/Bangkok,60.81284139,16.05398968,16.98849206,30.77361905
15,2022-06-08 07:00:00,Asia/Bangkok,56.45953522,20.72107081,23.36901165,32.12161416
16,2022-06-09 07:00:00,Asia/Bangkok,62.25102752,16.21248086,16.76846537,30.37631075
17,2022-06-10 07:00:00,Asia/Bangkok,55.96983655,16.69158554,17.86205698,32.53816887
18,2022-06-11 07:00:00,Asia/Bangkok,58.50870133,12.73135436,13.34173462,31.3141364
19,2022-06-12 07:00:00,Asia/Bangkok,55.91106156,12.55002058,13.24567901,31.50631687
20,2022-06-13 07:00:00,Asia/Bangkok,57.97450016,15.25236723,15.74475093,31.60524907
21,2022-06-14 07:00:00,Asia/Bangkok,55.53047035,14.43284728,14.66896816,32.61934407
22,2022-06-15 07:00:00,Asia/Bangkok,60.82110436,17.20162933,18.19226069,31.54713238
23,2022-06-16 07:00:00,Asia/Bangkok,59.01736107,25.86013173,27.87422601,31.65264706
24,2022-06-17 07:00:00,Asia/Bangkok,53.02637373,17.01917913,17.39915644,33.21741181
25,2022-06-18 07:00:00,Asia/Bangkok,61.17121321,28.00417682,33.17170664,30.79668405
26,2022-06-19 07:00:00,Asia/Bangkok,55.04279858,20.88782542,23.85375191,31.95988897
27,2022-06-20 07:00:00,Asia/Bangkok,55.22354441,15.48401668,17.21785962,32.42248089
28,2022-06-21 07:00:00,Asia/Bangkok,60.43214637,18.75235244,20.36282051,31.02226923
29,2022-06-22 07:00:00,Asia/Bangkok,55.22023454,14.26686593,15.49871904,32.46064048
30,2022-06-23 07:00:00,Asia/Bangkok,53.1281936,8.76787117,9.053767661,32.52598116
31,2022-06-24 07:00:00,Asia/Bangkok,60.77702882,13.80687161,14.49294756,30.42351537
32,2022-06-25 07:00:00,Asia/Bangkok,55.9703414,13.12476809,13.84376449,30.84225313
33,2022-06-26 07:00:00,Asia/Bangkok,53.13652641,19.54980658,21.58136166,32.39663448
34,2022-06-27 07:00:00,Asia/Bangkok,54.4607316,15.38458574,15.74874759,32.70494798
35,2022-06-28 07:00:00,Asia/Bangkok,54.74279701,32.04521739,38.17935349,33.63033021
36,2022-06-29 07:00:00,Asia/Bangkok,52.79562666,20.15502686,20.74875336,33.3445608
37,2022-06-30 07:00:00,Asia/Bangkok,51.25974484,11.3760862,11.67049009,33.28514425
38,2022-07-01 07:00:00,Asia/Bangkok,58.54214538,12.91986196,13.97508624,31.27501342
39,2022-07-02 07:00:00,Asia/Bangkok,61.57321795,25.1625,29.4016659,31.10332254
40,2022-07-03 07:00:00,Asia/Bangkok,53.8390763,18.60486957,19.12890896,32.55543433
41,2022-07-04 07:00:00,Asia/Bangkok,58.8398845,23.04833142,24.18296893,31.93828922
42,2022-07-05 07:00:00,Asia/Bangkok,63.0745674,22.28730341,24.80667434,29.30681243
43,2022-07-06 07:00:00,Asia/Bangkok,51.04041844,13.19126102,13.36757378,33.27081257
44,2022-07-07 07:00:00,Asia/Bangkok,57.55248477,17.85059932,18.47368421,32.36163885
45,2022-07-08 07:00:00,Asia/Bangkok,53.05998191,27.71675813,34.26728499,33.90744941
46,2022-07-09 07:00:00,Asia/Bangkok,52.62409315,21.93944791,23.31909212,33.56080552
47,2022-07-10 07:00:00,Asia/Bangkok,50.01450048,19.45414847,20.13174603,34.12636111
48,2022-07-11 07:00:00,Asia/Bangkok,50.96686232,12.7602021,12.95959596,33.40118881
49,2022-07-12 07:00:00,Asia/Bangkok,51.87461233,10.48506891,10.61102603,33.0417611
50,2022-07-13 07:00:00,Asia/Bangkok,58.16280047,11.48564081,12.46680942,30.49618415
51,2022-07-14 07:00:00,Asia/Bangkok,54.93360326,13.69900307,14.13190184,32.20758819
52,2022-07-15 07:00:00,Asia/Bangkok,56.91732013,22.04986575,26.02722393,32.08137653
53,2022-07-16 07:00:00,Asia/Bangkok,51.82817748,17.72251956,20.30794566,33.23799918
54,2022-07-17 07:00:00,Asia/Bangkok,53.59709953,23.86735131,27.1390077,33.29645851
55,2022-07-18 07:00:00,Asia/Bangkok,57.91191274,25.72322457,28.19577735,31.8424952
56,2022-07-19 07:00:00,Asia/Bangkok,52.13984349,27.55474453,29.40020826,34.12954877
57,2022-07-20 07:00:00,Asia/Bangkok,53.23809617,21.68649271,24.29984663,32.30733896
58,2022-07-21 07:00:00,Asia/Bangkok,51.8737394,18.60951285,21.77884247,32.86210809
59,2022-07-22 07:00:00,Asia/Bangkok,54.71754764,16.91628122,17.2627197,33.2353284
60,2022-07-23 07:00:00,Asia/Bangkok,57.37416843,20.64920104,22.7061436,32.28914508
61,2022-07-24 07:00:00,Asia/Bangkok,52.33783281,20.78086957,22.21840278,33.25880903
62,2022-07-25 07:00:00,Asia/Bangkok,53.46631659,16.03681507,16.73578452,32.83319367
63,2022-07-26 07:00:00,Asia/Bangkok,54.85821343,20.3161934,21.87686997,32.64377829
64,2022-07-27 07:00:00,Asia/Bangkok,56.31622382,13.82791957,15.58879939,31.81743
65,2022-07-28 07:00:00,Asia/Bangkok,56.00682583,18.80076775,19.38603223,32.22784344
66,2022-07-29 07:00:00,Asia/Bangkok,59.94737589,22.42625053,23.53997435,31.23882856
67,2022-07-30 07:00:00,Asia/Bangkok,51.77238944,24.31734446,26.06009031,33.60325808
68,2022-07-31 07:00:00,Asia/Bangkok,61.88200684,17.35672269,18.05329417,30.91041544
69,2022-08-01 07:00:00,Asia/Bangkok,51.8977247,12.84711111,13.05508663,33.92214127
70,2022-08-02 07:00:00,Asia/Bangkok,55.22695298,10.04274753,10.30047463,31.49888645
71,2022-08-03 07:00:00,Asia/Bangkok,58.87750061,17.90832374,18.49520889,31.56993867
72,2022-08-04 07:00:00,Asia/Bangkok,58.0901392,22.06678082,23.81044074,31.20438596
73,2022-08-05 07:00:00,Asia/Bangkok,55.51928448,22.57521105,24.55287356,32.78810345
74,2022-08-06 07:00:00,Asia/Bangkok,48.69880286,16.33461703,17.97392048,33.25889269
75,2022-08-07 07:00:00,Asia/Bangkok,61.03524117,15.59256092,15.93330483,29.46472852
76,2022-08-08 07:00:00,Asia/Bangkok,54.44198769,28.94261242,32.31295425,32.47970928
77,2022-08-09 07:00:00,Asia/Bangkok,56.78808784,36.93324061,44.20013899,32.54831828
78,2022-08-10 07:00:00,Asia/Bangkok,53.38580577,26.39110484,33.26546213,32.78846769
79,2022-08-11 07:00:00,Asia/Bangkok,49.09780801,16.14877301,17.70667178,33.73869632
80,2022-08-12 07:00:00,Asia/Bangkok,50.11717109,26.38685794,28.78029602,33.75944958
81,2022-08-13 07:00:00,Asia/Bangkok,52.60460944,28.01920861,30.33640199,33.25929421
82,2022-08-14 07:00:00,Asia/Bangkok,50.82763736,20.9637263,22.407743,32.71104613
83,2022-08-15 07:00:00,Asia/Bangkok,50.77127842,21.67791304,23.87804031,33.22365879
84,2022-08-16 07:00:00,Asia/Bangkok,51.92395797,14.01282599,14.25555556,32.45992304
85,2022-08-17 07:00:00,Asia/Bangkok,58.18363174,12.00498275,12.13376773,30.96182445
86,2022-08-18 07:00:00,Asia/Bangkok,49.92280644,8.961520631,9.112604263,33.43947173
87,2022-08-19 07:00:00,Asia/Bangkok,53.82271139,21.54428621,26.15,32.83869792
88,2022-08-20 07:00:00,Asia/Bangkok,55.52688916,21.26336025,23.89200615,31.74822829
89,2022-08-21 07:00:00,Asia/Bangkok,47.77572533,10.8077911,11.23620026,33.47006846
90,2022-08-22 07:00:00,Asia/Bangkok,57.7701708,7.989302525,8.539119282,30.01525011
91,2022-08-23 07:00:00,Asia/Bangkok,51.70474396,12.4315515,12.88053866,31.95340573
92,2022-08-24 07:00:00,Asia/Bangkok,56.69667769,15.40531561,16.03844328,30.95623636
93,2022-08-25 07:00:00,Asia/Bangkok,54.24029125,16.84447005,18.66487524,32.24165451
94,2022-08-26 07:00:00,Asia/Bangkok,53.80657441,13.82055215,15.00421456,32.26134483
95,2022-08-27 07:00:00,Asia/Bangkok,52.77653725,13.15752949,13.52202567,32.49836975
96,2022-08-28 07:00:00,Asia/Bangkok,60.66334497,14.62074074,15.27535159,30.50780903
97,2022-08-29 07:00:00,Asia/Bangkok,54.27892424,13.06290756,13.62945915,32.37823936
98,2022-08-30 07:00:00,Asia/Bangkok,59.70352384,23.2276076,24.87325581,31.34389922
99,2022-08-31 07:00:00,Asia/Bangkok,54.79612552,15.74960254,16.35515873,32.89787302
100,2022-09-01 07:00:00,Asia/Bangkok,55.42908876,17.07996864,18.33372503,32.21603212
101,2022-09-02 07:00:00,Asia/Bangkok,61.04464873,20.68447001,22.06039441,30.86687346
102,2022-09-03 07:00:00,Asia/Bangkok,54.11446339,10.92186902,11.12102643,32.08703179
103,2022-09-04 07:00:00,Asia/Bangkok,51.05760733,6.00969744,6.055857254,32.61958883
104,2022-09-05 07:00:00,Asia/Bangkok,50.323218,14.48587056,14.99179581,32.46675479
105,2022-09-06 07:00:00,Asia/Bangkok,52.1992854,16.51943614,17.16438941,33.02279249
106,2022-09-07 07:00:00,Asia/Bangkok,56.1158239,12.79034113,13.11757947,31.95779012
107,2022-09-08 07:00:00,Asia/Bangkok,51.46433121,6.751819226,6.807736499,32.45963232
108,2022-09-09 07:00:00,Asia/Bangkok,57.38172139,14.81767571,15.09773913,31.27253217
109,2022-09-10 07:00:00,Asia/Bangkok,52.96692833,18.1369863,19.56709402,32.96107692
110,2022-09-11 07:00:00,Asia/Bangkok,50.18107107,14.19524357,14.55862069,33.49670115
111,2022-09-12 07:00:00,Asia/Bangkok,59.57787608,16.69724087,17.60059613,30.26476155
112,2022-09-13 07:00:00,Asia/Bangkok,58.60314843,18.70263975,19.37291424,30.83883586
113,2022-09-14 07:00:00,Asia/Bangkok,48.49268662,13.00391543,13.4170579,33.67510172
114,2022-09-15 07:00:00,Asia/Bangkok,52.88331859,17.77581642,19.91101322,31.86293833
115,2022-09-16 07:00:00,Asia/Bangkok,51.3256113,15.29102761,15.8153964,32.39000766
116,2022-09-17 07:00:00,Asia/Bangkok,57.9618966,15.61055189,16.19264144,31.35524818
117,2022-09-18 07:00:00,Asia/Bangkok,48.70704103,13.12864675,13.36845803,34.07474886
118,2022-09-19 07:00:00,Asia/Bangkok,52.73259739,13.22357895,13.55934343,32.42191077
119,2022-09-20 07:00:00,Asia/Bangkok,42.1983381,12.46498703,13.02332469,34.97614587
120,2022-09-21 07:00:00,Asia/Bangkok,56.83755068,22.86769676,25.61196911,31.21940637
121,2022-09-22 07:00:00,Asia/Bangkok,54.55536229,18.82425173,20.95780591,32.02256233
122,2022-09-23 07:00:00,Asia/Bangkok,55.25606098,16.39948674,17.80811966,30.64195726
123,2022-09-24 07:00:00,Asia/Bangkok,56.83569368,15.89406237,16.83866837,31.22248826
124,2022-09-25 07:00:00,Asia/Bangkok,53.56720549,17.37835764,19.2366705,32.23871116
125,2022-09-26 07:00:00,Asia/Bangkok,54.82544929,16.50981211,18.82888147,32.08896494
126,2022-09-27 07:00:00,Asia/Bangkok,45.18666164,16.11339476,16.48352816,34.79300744
127,2022-09-28 07:00:00,Asia/Bangkok,58.30833879,15.3919555,16.10992301,31.40640291
128,2022-09-29 07:00:00,Asia/Bangkok,62.82312251,10.34221388,10.46679174,30.20881426
129,2022-09-30 07:00:00,Asia/Bangkok,60.96298401,11.11172089,11.53861231,30.75353587
130,2022-10-01 07:00:00,Asia/Bangkok,58.85414529,10.88365494,13.70355731,30.85068323
131,2022-10-02 07:00:00,Asia/Bangkok,50.89059411,8.53636733,8.652986591,32.67082893
132,2022-10-03 07:00:00,Asia/Bangkok,53.95865652,8.508798776,8.592351816,32.52414532
133,2022-10-04 07:00:00,Asia/Bangkok,59.71245656,12.92982456,13.31081659,31.19657973
134,2022-10-05 07:00:00,Asia/Bangkok,51.75708301,6.87278415,7.030218826,33.3930462
135,2022-10-06 07:00:00,Asia/Bangkok,57.41961266,12.80588919,13.25280681,32.08606659
136,2022-10-07 07:00:00,Asia/Bangkok,55.95910215,12.67808219,12.95390233,31.98695573
137,2022-10-08 07:00:00,Asia/Bangkok,59.76934684,14.57844265,14.94553126,30.7669812
138,2022-10-09 07:00:00,Asia/Bangkok,48.7583519,18.1208981,20.23834197,33.7301468
139,2022-10-20 07:00:00,Asia/Bangkok,74.24220175,7.666666667,7.666666667,27.17596491
140,2022-10-22 07:00:00,Asia/Bangkok,49.81053162,7.762829404,7.814840499,34.52595007
141,2022-10-24 07:00:00,Asia/Bangkok,61.36442857,10.28571429,10.28571429,29.66785714
142,2022-10-28 07:00:00,Asia/Bangkok,54.03313187,24.55037313,27.84342964,33.01603914
143,2022-11-06 07:00:00,Asia/Bangkok,60.81908499,10.37114914,10.46650367,31.10529095
144,2022-11-07 07:00:00,Asia/Bangkok,57.35205081,11.86965812,12.13589744,31.64971368
145,2022-11-08 07:00:00,Asia/Bangkok,53.48683403,14.58551028,15.13917884,32.91197634
146,2022-11-09 07:00:00,Asia/Bangkok,48.49288711,12.30873866,12.69905311,34.57512557
147,2022-11-10 07:00:00,Asia/Bangkok,54.17649077,15.89733542,16.40578577,33.81007819
148,2022-11-11 07:00:00,Asia/Bangkok,59.00948943,17.13341969,17.62553926,31.81412425
149,2022-11-12 07:00:00,Asia/Bangkok,60.95733162,9.097999183,9.323133415,31.36341085
150,2022-11-13 07:00:00,Asia/Bangkok,54.17686267,6.642409471,6.749130132,33.3918302
151,2022-11-14 07:00:00,Asia/Bangkok,55.30438613,6.875502008,7.465918204,33.22978348
152,2022-11-15 07:00:00,Asia/Bangkok,57.39293713,11.80935569,12.53880071,33.39395944
153,2022-11-16 07:00:00,Asia/Bangkok,55.93753928,15.04473386,15.49801924,33.14891341
154,2022-11-17 07:00:00,Asia/Bangkok,54.57032064,11.46344592,11.66709402,33.78144872
155,2022-11-18 07:00:00,Asia/Bangkok,52.5912111,14.01166019,14.21753607,34.32290788
156,2022-11-19 07:00:00,Asia/Bangkok,52.99762838,7.957107232,8.035411471,33.35326185
157,2022-11-20 07:00:00,Asia/Bangkok,53.15171832,12.54768271,13.12005336,33.36588706
158,2022-11-21 07:00:00,Asia/Bangkok,48.8740906,16.84399225,17.16182171,35.0802907
159,2022-11-22 07:00:00,Asia/Bangkok,46.86910073,18.40716753,20.04484692,35.40579991
160,2022-11-23 07:00:00,Asia/Bangkok,52.06692408,10.17920277,10.38080388,33.35294872
161,2022-11-24 07:00:00,Asia/Bangkok,53.14562526,15.81058496,16.24704245,33.43649617
162,2022-11-25 07:00:00,Asia/Bangkok,52.80021843,17.4341534,18.46406175,32.99710082
163,2022-11-26 07:00:00,Asia/Bangkok,47.79842791,16.8375564,17.20027768,35.45125304
164,2022-11-27 07:00:00,Asia/Bangkok,48.35021695,16.05176363,16.81951443,35.27915254
165,2022-11-28 07:00:00,Asia/Bangkok,48.22293158,20.7518361,21.86254826,34.60151351
166,2022-11-29 07:00:00,Asia/Bangkok,47.11264345,14.13091684,14.55820896,35.56194883
167,2022-11-30 07:00:00,Asia/Bangkok,47.03785272,14.3735588,14.91250959,35.50275902
168,2022-12-01 07:00:00,Asia/Bangkok,45.65425642,11.01840917,11.49757113,35.7342644
169,2022-12-02 07:00:00,Asia/Bangkok,52.68785837,8.451916376,8.683954055,33.24534981
170,2022-12-03 07:00:00,Asia/Bangkok,57.46382279,9.882489549,10.53767915,31.43488673
171,2022-12-04 07:00:00,Asia/Bangkok,59.19989636,8.584082157,8.731394354,31.1185586
172,2022-12-05 07:00:00,Asia/Bangkok,55.53713062,8.024790084,8.395209581,32.71838323
173,2022-12-06 07:00:00,Asia/Bangkok,55.93846315,14.94271039,15.3135861,32.567891
174,2022-12-07 07:00:00,Asia/Bangkok,49.98067836,7.766770942,8.002084057,34.54555401
175,2022-12-08 07:00:00,Asia/Bangkok,51.45633106,6.076402321,6.273429952,34.086
176,2022-12-09 07:00:00,Asia/Bangkok,61.52099987,6.191845494,6.329472329,29.94162591
177,2022-12-10 07:00:00,Asia/Bangkok,57.0011749,19.22624627,20.37749469,31.21477282
178,2022-12-11 07:00:00,Asia/Bangkok,56.56244005,14.47661043,14.70103488,32.24281717
179,2022-12-12 07:00:00,Asia/Bangkok,53.02938987,12.98884615,13.51285988,33.21060269
180,2022-12-13 07:00:00,Asia/Bangkok,53.50480215,12.75978511,12.92177914,32.89375383
181,2022-12-14 07:00:00,Asia/Bangkok,53.49488041,15.91945996,16.14006515,32.18430433
182,2022-12-15 07:00:00,Asia/Bangkok,47.3324643,14.91783217,15.25491052,33.73787866
183,2022-12-16 07:00:00,Asia/Bangkok,49.22673339,11.78816877,12.26921407,33.92538428
184,2022-12-17 07:00:00,Asia/Bangkok,48.42292348,10.40736879,10.60194512,34.33351511
185,2022-12-18 07:00:00,Asia/Bangkok,57.82663848,5.941830624,6.12825994,30.83362976
186,2022-12-19 07:00:00,Asia/Bangkok,59.26418213,3.894756984,3.963643322,29.68272484
187,2022-12-20 07:00:00,Asia/Bangkok,57.16558084,4.301495972,4.509578544,30.65877778
188,2022-12-21 07:00:00,Asia/Bangkok,53.72546691,17.79039863,18.47043702,32.76699529
189,2022-12-22 07:00:00,Asia/Bangkok,56.10205479,31.39555385,34.9091954,32.12749808
190,2022-12-23 07:00:00,Asia/Bangkok,48.49588631,26.17715079,29.30758557,34.34673451
191,2022-12-24 07:00:00,Asia/Bangkok,47.36697123,18.07268519,19.07724329,33.85984736
192,2022-12-25 07:00:00,Asia/Bangkok,44.22996636,18.21177762,18.93864134,33.76756392
193,2022-12-26 07:00:00,Asia/Bangkok,43.64167765,16.75120968,17.45267821,33.34453886
194,2022-12-27 07:00:00,Asia/Bangkok,44.47874259,19.81015662,21.19895784,33.31850782
195,2022-12-28 07:00:00,Asia/Bangkok,42.84675174,26.75884851,29.64373233,33.49303016
196,2022-12-29 07:00:00,Asia/Bangkok,43.4747472,26.47851113,29.78275862,33.44557088
197,2022-12-30 07:00:00,Asia/Bangkok,43.43796014,29.42622309,33.22078937,33.44937085
198,2022-12-31 07:00:00,Asia/Bangkok,44.80751906,29.56941432,32.84989201,33.59517279
199,2023-01-01 07:00:00,Asia/Bangkok,45.26242856,33.12151703,42.64548239,33.43048622
200,2023-01-02 07:00:00,Asia/Bangkok,43.93161426,24.72868217,26.11986467,33.48641856
201,2023-01-03 07:00:00,Asia/Bangkok,47.02025795,21.13088109,21.8025641,33.88350855
202,2023-01-04 07:00:00,Asia/Bangkok,48.2364334,12.73484848,13.27605042,33.7397563
203,2023-01-05 07:00:00,Asia/Bangkok,53.29538291,16.15803222,16.55043478,32.64069565
204,2023-01-06 07:00:00,Asia/Bangkok,48.1075549,22.93147752,24.09961522,34.2213339
205,2023-01-07 07:00:00,Asia/Bangkok,54.86308792,12.08574135,13.29085741,31.22179062
206,2023-01-08 07:00:00,Asia/Bangkok,59.42536627,9.520283019,9.569811321,29.96167453
207,2023-01-09 07:00:00,Asia/Bangkok,55.92613324,10.20445838,10.56223922,31.48047288
208,2023-01-10 07:00:00,Asia/Bangkok,52.32863409,15.61827957,16.27300613,33.00041411
209,2023-01-11 07:00:00,Asia/Bangkok,52.36497457,15.5106929,15.92264957,33.28051282
210,2023-01-12 07:00:00,Asia/Bangkok,47.49410949,22.21379606,23.70927747,35.05319367
211,2023-01-13 07:00:00,Asia/Bangkok,48.30729487,16,16.75320787,34.98211292
212,2023-01-14 07:00:00,Asia/Bangkok,47.67128229,15.61157843,15.97378833,34.44405539
213,2023-01-15 07:00:00,Asia/Bangkok,45.39771915,16.72427101,17.06769494,35.34423308
214,2023-01-16 07:00:00,Asia/Bangkok,46.91417912,18.83228613,19.71918801,35.43656839
215,2023-01-17 07:00:00,Asia/Bangkok,45.38887411,17.67008547,18.19735156,33.91317813
216,2023-01-18 07:00:00,Asia/Bangkok,44.09762047,14.13069169,14.72550382,33.75567755
217,2023-01-19 07:00:00,Asia/Bangkok,49.22505203,12.19576304,12.94929797,32.8824649
218,2023-01-20 07:00:00,Asia/Bangkok,46.31973666,20.66198459,21.22338015,34.13737653
219,2023-01-21 07:00:00,Asia/Bangkok,55.94219835,27.22546012,29.43409962,31.78044061
220,2023-01-22 07:00:00,Asia/Bangkok,53.08796078,27.91150442,30.92977744,32.77011896
221,2023-01-23 07:00:00,Asia/Bangkok,48.91072661,10.89883991,11.32730644,34.05218822
222,2023-01-24 07:00:00,Asia/Bangkok,50.01130833,7.750748183,7.920119607,33.69432294
223,2023-01-25 07:00:00,Asia/Bangkok,48.93377572,9.170494356,9.293774319,33.30991829
224,2023-01-26 07:00:00,Asia/Bangkok,48.1483677,8.339360807,8.527089458,32.45411172
225,2023-01-27 07:00:00,Asia/Bangkok,45.78040282,24.17264184,25.94713043,33.98375652
226,2023-01-28 07:00:00,Asia/Bangkok,49.68772167,20.21612231,22.02083333,32.67929514
227,2023-01-29 07:00:00,Asia/Bangkok,56.0648633,15.39832578,16.5464025,30.96871394
228,2023-01-30 07:00:00,Asia/Bangkok,56.15276202,11.52693778,11.66469771,30.53158443
229,2023-01-31 07:00:00,Asia/Bangkok,53.53276315,24.85030628,28.78377344,30.85686184
230,2023-02-01 07:00:00,Asia/Bangkok,49.84146779,22.38025721,23.76928423,32.35317929
231,2023-02-02 07:00:00,Asia/Bangkok,45.57048726,22.65943012,24.41662901,34.03548577
232,2023-02-03 07:00:00,Asia/Bangkok,51.80659004,16.74882445,17.78819852,32.50629543
233,2023-02-04 07:00:00,Asia/Bangkok,56.25378602,8.443438914,8.654381085,31.7980007
234,2023-02-05 07:00:00,Asia/Bangkok,49.81511724,10.02804456,10.19385797,33.32840307
235,2023-02-06 07:00:00,Asia/Bangkok,47.92252553,6.98647343,7.144787645,33.89903475
236,2023-02-07 07:00:00,Asia/Bangkok,48.56415998,8.200153669,8.33218126,33.6296851
237,2023-02-08 07:00:00,Asia/Bangkok,45.38338619,14.97517123,15.39461308,34.50619496
238,2023-02-09 07:00:00,Asia/Bangkok,48.38009762,11.27377301,11.49252587,33.4174358
239,2023-02-10 07:00:00,Asia/Bangkok,47.41017106,12.20915033,12.59001919,33.83804223
240,2023-02-11 07:00:00,Asia/Bangkok,46.29107785,10.57175748,11.03103448,34.80417241
241,2023-02-12 07:00:00,Asia/Bangkok,46.96473318,9.718771807,10.34815844,34.40124392
242,2023-02-13 07:00:00,Asia/Bangkok,44.61210716,14.27782041,14.89195402,34.69015326
243,2023-02-14 07:00:00,Asia/Bangkok,46.14633937,17.15945135,18.40051348,34.3407531
244,2023-02-15 07:00:00,Asia/Bangkok,47.46998932,15.33975182,16.23750534,33.6980094
245,2023-02-16 07:00:00,Asia/Bangkok,45.42184137,6.493044822,6.920879969,33.13652644
246,2023-02-17 07:00:00,Asia/Bangkok,49.38170314,7.553146259,7.932994063,32.43600509
247,2023-02-18 07:00:00,Asia/Bangkok,45.08910635,9.485243388,9.682357444,33.90240337
248,2023-02-19 07:00:00,Asia/Bangkok,46.66574762,8.910906298,9.329118774,34.19119923
249,2023-02-20 07:00:00,Asia/Bangkok,47.61699469,12.49356969,12.76987157,33.78571329
250,2023-02-21 07:00:00,Asia/Bangkok,45.90510375,10.31328234,10.53664467,33.95720389
251,2023-02-22 07:00:00,Asia/Bangkok,46.26193583,10.26133743,10.53126199,33.61784043
252,2023-02-23 07:00:00,Asia/Bangkok,45.28040586,13.34689507,13.58126604,33.61109495
253,2023-02-24 07:00:00,Asia/Bangkok,46.4642702,15.22303263,15.49942463,33.38449175
254,2023-02-25 07:00:00,Asia/Bangkok,45.06044552,14.13351878,14.30229326,34.26938151
255,2023-02-26 07:00:00,Asia/Bangkok,46.01219937,16.83115627,17.20589657,32.87313678
256,2023-02-27 07:00:00,Asia/Bangkok,45.33085253,29.22124233,31.54980843,33.10232184
257,2023-02-28 07:00:00,Asia/Bangkok,47.51525003,33.36110143,37.9341922,33.29047006
258,2023-03-01 07:00:00,Asia/Bangkok,53.07725538,36.76256078,44.05303644,32.28583401
259,2023-03-02 07:00:00,Asia/Bangkok,55.42355482,31.90629244,37.10357304,32.05533243
260,2023-03-03 07:00:00,Asia/Bangkok,49.68917571,8.021785562,8.262057192,33.09996159
261,2023-03-04 07:00:00,Asia/Bangkok,46.32457675,9.655336257,9.891970803,33.71720438
262,2023-03-05 07:00:00,Asia/Bangkok,47.68662985,17.95321361,18.1596599,32.33785546
263,2023-03-06 07:00:00,Asia/Bangkok,45.1198142,20.42468379,21.02372752,32.41336778
264,2023-03-07 07:00:00,Asia/Bangkok,43.58058181,20.12652375,20.59705882,32.79767227
265,2023-03-08 07:00:00,Asia/Bangkok,40.1361999,31.10693069,34.27497527,34.49658754
266,2023-03-09 07:00:00,Asia/Bangkok,47.59811884,15.8502947,16.23704867,33.02720173
267,2023-03-10 07:00:00,Asia/Bangkok,46.22603985,15.22179487,15.40965399,33.56761213
268,2023-03-11 07:00:00,Asia/Bangkok,45.2085633,10.15523114,10.36120564,33.79387944
269,2023-03-12 07:00:00,Asia/Bangkok,44.83890526,20.06101305,20.43383199,33.53038358
270,2023-03-13 07:00:00,Asia/Bangkok,46.4548907,29.94333844,32.27707616,33.25311902
271,2023-03-14 07:00:00,Asia/Bangkok,44.02573179,18.60243056,18.82575495,32.63980562
272,2023-03-15 07:00:00,Asia/Bangkok,43.94977015,22.57386849,22.95559351,32.70630658
273,2023-03-16 07:00:00,Asia/Bangkok,42.47905761,20.70909971,21.46592557,33.5722813
274,2023-03-17 07:00:00,Asia/Bangkok,47.78134045,12.842711,13.03665814,32.94670503
275,2023-03-18 07:00:00,Asia/Bangkok,45.25884382,13.3713182,13.54247104,34.04556467
276,2023-03-19 07:00:00,Asia/Bangkok,45.62680671,12.76141158,12.81894898,34.31216724
277,2023-03-20 07:00:00,Asia/Bangkok,45.25364453,13.06105991,13.2079018,34.9858995
278,2023-03-21 07:00:00,Asia/Bangkok,45.83285895,11.05702364,11.15537018,35.08161279
279,2023-03-22 07:00:00,Asia/Bangkok,48.18414285,14.05812036,14.35008237,34.49482901
280,2023-03-23 07:00:00,Asia/Bangkok,45.77296288,15.86722947,16.39532209,35.84851994
281,2023-03-24 07:00:00,Asia/Bangkok,48.6426537,24.25834046,26.24112869,34.86418555
282,2023-03-25 07:00:00,Asia/Bangkok,47.22973796,24.96776669,27.82131902,35.54330138
283,2023-03-26 07:00:00,Asia/Bangkok,45.40929521,20.38679969,22.27711767,34.92095439
284,2023-03-27 07:00:00,Asia/Bangkok,42.3948028,17.21940928,17.47852761,36.14805598
285,2023-03-28 07:00:00,Asia/Bangkok,43.89028412,27.46070932,28.99409107,35.77540146
286,2023-03-29 07:00:00,Asia/Bangkok,43.85789429,13.57636224,14.58330142,36.47503638
287,2023-03-30 07:00:00,Asia/Bangkok,44.33796514,9.401768551,9.695201536,35.97503647
288,2023-03-31 07:00:00,Asia/Bangkok,45.11496588,23.66781609,26.23171199,34.61848334
289,2023-04-01 07:00:00,Asia/Bangkok,45.05020796,24.60378058,26.89592593,35.01742963
290,2023-04-02 07:00:00,Asia/Bangkok,42.9372007,20.77431329,22.10044477,35.62364344
291,2023-04-03 07:00:00,Asia/Bangkok,44.81683755,21.95557454,24.7193507,35.20191371
292,2023-04-04 07:00:00,Asia/Bangkok,48.65751031,24.73044479,26.82668712,33.75577837
293,2023-04-05 07:00:00,Asia/Bangkok,43.33398742,21.90188679,22.92365693,36.04655985
294,2023-04-06 07:00:00,Asia/Bangkok,55.32950125,24.23542771,25.49224366,31.85743473
295,2023-04-07 07:00:00,Asia/Bangkok,49.6436447,22.89846743,23.83952509,33.55640368
296,2023-04-08 07:00:00,Asia/Bangkok,42.84908038,27.23610531,29.49018789,36.15984969
297,2023-04-09 07:00:00,Asia/Bangkok,41.81957747,13.78590193,14.78696413,36.9305643
298,2023-04-10 07:00:00,Asia/Bangkok,44.08826762,16.88488104,17.71494253,36.1341341
299,2023-04-11 07:00:00,Asia/Bangkok,44.48059537,33.10171674,37.99442778,36.25474496
300,2023-04-12 07:00:00,Asia/Bangkok,41.4231481,39.19892735,47.23684211,37.19904971
301,2023-04-13 07:00:00,Asia/Bangkok,41.13390067,42.43048327,53.52674591,37.69102526
302,2023-04-14 07:00:00,Asia/Bangkok,41.48907591,41.13555556,51.26977088,37.50175905
303,2023-04-15 07:00:00,Asia/Bangkok,45.3945907,41.34912536,52.00726744,36.91419331
304,2023-04-16 07:00:00,Asia/Bangkok,42.61054711,45.71031746,60.97303727,37.43174465
305,2023-04-17 07:00:00,Asia/Bangkok,46.32278927,37.15518492,46.32124728,35.12680928
306,2023-04-18 07:00:00,Asia/Bangkok,40.49942742,44.85872781,58.81226903,37.80147081
307,2023-04-19 07:00:00,Asia/Bangkok,47.08968422,42.28962963,53.74814815,35.57705926
308,2023-04-20 07:00:00,Asia/Bangkok,48.64010767,35.08188406,42.49131693,35.53466715
309,2023-04-21 07:00:00,Asia/Bangkok,51.4940974,37.4610245,44.02078693,34.43798812
310,2023-04-22 07:00:00,Asia/Bangkok,48.36314844,35.077951,40.46142433,36.40669881
311,2023-04-23 07:00:00,Asia/Bangkok,52.49387641,31.51152416,37.27373887,33.81312315
312,2023-04-24 07:00:00,Asia/Bangkok,48.17376788,26.67233385,30.4996139,34.42396139
313,2023-04-25 07:00:00,Asia/Bangkok,43.92288829,21.22175732,22.04181185,36.98116376
314,2023-04-26 07:00:00,Asia/Bangkok,43.60197353,21.19863014,22.50128096,36.95994022
315,2023-04-27 07:00:00,Asia/Bangkok,44.0679685,13.42901474,14.44530644,36.90886734
316,2023-04-28 07:00:00,Asia/Bangkok,43.52440614,17.69469697,18.06666667,36.76990909
317,2023-04-29 07:00:00,Asia/Bangkok,44.77816638,25.54928458,27.55564388,36.68258347
318,2023-04-30 07:00:00,Asia/Bangkok,47.2753339,27.7362963,30.80829016,35.65201332
319,2023-05-01 07:00:00,Asia/Bangkok,44.06408893,18.07057949,19.08469539,37.14763744
320,2023-05-02 07:00:00,Asia/Bangkok,43.63346664,10.6426983,10.88740741,37.06761305
321,2023-05-03 07:00:00,Asia/Bangkok,53.65959016,12.8121752,13.41450777,33.91137676
322,2023-05-04 07:00:00,Asia/Bangkok,48.24080007,16.18706537,17.49652295,35.83634214
323,2023-05-05 07:00:00,Asia/Bangkok,46.27704896,20.13037037,22.32692308,36.17552515
324,2023-05-06 07:00:00,Asia/Bangkok,49.03233282,19.78820791,21.50969744,35.83242824
325,2023-05-07 07:00:00,Asia/Bangkok,50.67669346,21.07997218,22.61752434,35.63933936
326,2023-05-08 07:00:00,Asia/Bangkok,51.04989611,15.42981761,16.06264869,35.23571768
327,2023-05-09 07:00:00,Asia/Bangkok,44.51358594,10.18222222,10.4803849,37.32673575
328,2023-05-10 07:00:00,Asia/Bangkok,47.79221846,14.77951002,15.20756116,36.0112083
329,2023-05-11 07:00:00,Asia/Bangkok,45.97266588,12.62560891,13.01111883,36.24312717
330,2023-05-12 07:00:00,Asia/Bangkok,44.97251286,15.71124361,16.00511073,37.05247019
331,2023-05-13 07:00:00,Asia/Bangkok,43.09197994,14.34840623,15.29903775,37.37088823
332,2023-05-14 07:00:00,Asia/Bangkok,43.02282428,17.06805878,17.40448569,37.35972158
333,2023-05-15 07:00:00,Asia/Bangkok,44.92148265,26.13254684,29.3462873,36.87218598
334,2023-05-16 07:00:00,Asia/Bangkok,49.02278642,15.53658537,16.29665738,35.07400418
335,2023-05-17 07:00:00,Asia/Bangkok,46.2977374,17.18888889,18.73907009,36.31067314
336,2023-05-18 07:00:00,Asia/Bangkok,51.27607705,15.88148148,16.22057735,34.30241303
337,2023-05-19 07:00:00,Asia/Bangkok,47.47409305,11.91238671,12.56042296,34.93954683
338,2023-05-20 07:00:00,Asia/Bangkok,53.45526296,18.23960695,19.63492063,33.81504157
339,2023-05-21 07:00:00,Asia/Bangkok,44.97484932,13.24447829,13.46803653,36.39800609
340,2023-05-22 07:00:00,Asia/Bangkok,48.17414546,16.85262281,18.24812656,34.71767694
341,2023-05-23 07:00:00,Asia/Bangkok,49.15773653,16.12647672,18.36458333,33.66813889
342,2023-05-24 07:00:00,Asia/Bangkok,45.60338133,16.79762787,18.55851852,36.37305185
343,2023-05-25 07:00:00,Asia/Bangkok,47.29292537,17.65358993,18.57100592,35.6650074
344,2023-05-26 07:00:00,Asia/Bangkok,44.98712818,15.59023669,16.1908284,36.46977071
345,2023-05-27 07:00:00,Asia/Bangkok,54.59091377,13.7294854,14.2364395,33.32022253
346,2023-05-28 07:00:00,Asia/Bangkok,48.47311331,10.36760355,10.50961538,34.88433432
347,2023-05-29 07:00:00,Asia/Bangkok,52.08208924,13.61469933,13.93541203,33.86247958
348,2023-05-30 07:00:00,Asia/Bangkok,43.94679854,10.875,11.00625,36.19632639
349,2023-05-31 07:00:00,Asia/Bangkok,49.60712423,15.87451588,16.78328173,34.85223684
350,2023-06-01 07:00:00,Asia/Bangkok,45.960545,10.5588453,10.73279053,35.94817913
351,2023-06-02 07:00:00,Asia/Bangkok,42.62995817,8.850590688,9.052119527,36.74538568
352,2023-06-03 07:00:00,Asia/Bangkok,40.89009444,8.304154303,8.37611276,37.76879822
353,2023-06-04 07:00:00,Asia/Bangkok,46.61749905,12.0984127,12.7739889,35.5759318
354,2023-06-05 07:00:00,Asia/Bangkok,42.94837123,16.76719944,18.44266852,36.40635163
355,2023-06-06 07:00:00,Asia/Bangkok,49.11073062,20.95581395,23.82945736,35.00465116
356,2023-06-07 07:00:00,Asia/Bangkok,51.11245676,10.03399852,10.25868441,33.81066519
357,2023-06-08 07:00:00,Asia/Bangkok,47.61897935,14.69691923,15.16153206,34.87109076
358,2023-06-09 07:00:00,Asia/Bangkok,48.4662101,30.3036859,35.83012821,35.97794071
359,2023-06-10 07:00:00,Asia/Bangkok,46.96051053,30.94060876,37.09562639,36.05720534
360,2023-06-11 07:00:00,Asia/Bangkok,50.16773591,27.09343066,30.02846715,34.50370803
361,2023-06-12 07:00:00,Asia/Bangkok,52.7188102,23.59864966,26.25731433,34.30015004
362,2023-06-13 07:00:00,Asia/Bangkok,47.26819826,27.44127867,30.65879083,35.83403058
363,2023-06-14 07:00:00,Asia/Bangkok,47.29669318,30.30934718,33.43694362,35.91506677
364,2023-06-15 07:00:00,Asia/Bangkok,47.1759344,24.30934718,26.42994811,35.90717569
365,2023-06-16 07:00:00,Asia/Bangkok,48.36938244,23.16124031,26.12374323,35.35478732
366,2023-06-17 07:00:00,Asia/Bangkok,45.85594814,24.81522601,26.97938144,36.70649485
367,2023-06-18 07:00:00,Asia/Bangkok,52.31036202,23.74387528,25.04302671,33.67363501
368,2023-06-19 07:00:00,Asia/Bangkok,51.03712935,19.65553236,20.53477051,33.15892907
369,2023-06-20 07:00:00,Asia/Bangkok,44.15338022,15.38296296,15.68962963,35.62126667
370,2023-06-21 07:00:00,Asia/Bangkok,44.33023758,16.63204748,17.27353595,36.4614381
371,2023-06-22 07:00:00,Asia/Bangkok,39.85579133,17.60682493,18.02594514,37.06525574
372,2023-06-23 07:00:00,Asia/Bangkok,49.73743808,27.2372093,29.19040248,34.03133901
373,2023-06-24 07:00:00,Asia/Bangkok,49.55501214,26.39736477,28.38765603,34.85235784
374,2023-06-25 07:00:00,Asia/Bangkok,48.40960271,18.68497914,19.1980542,35.21543433
375,2023-06-26 07:00:00,Asia/Bangkok,50.58182028,16.61658031,17.17912657,34.21954848
376,2023-06-27 07:00:00,Asia/Bangkok,52.54110311,16.64100666,17.50295858,33.72616124
377,2023-06-28 07:00:00,Asia/Bangkok,52.67516212,11.49147517,11.76945886,33.27946627
378,2023-06-29 07:00:00,Asia/Bangkok,52.0372681,10.59047619,10.8015873,33.35257143
379,2023-06-30 07:00:00,Asia/Bangkok,50.59162833,11.66382253,12.44795222,33.42897611
380,2023-07-01 07:00:00,Asia/Bangkok,55.68089225,9.096124031,9.479069767,33.01934109
381,2023-07-02 07:00:00,Asia/Bangkok,52.68100535,3.950660181,4.029166667,32.86443056
382,2023-07-03 07:00:00,Asia/Bangkok,45.57841741,10.73738872,11.13259259,35.55875556
383,2023-07-04 07:00:00,Asia/Bangkok,43.2393969,15.58262219,16.53840186,37.03930954
384,2023-07-05 07:00:00,Asia/Bangkok,46.95734726,17.71259259,18.04740741,36.3538963
385,2023-07-06 07:00:00,Asia/Bangkok,44.87707695,19.62609387,20.39189189,35.90994436
386,2023-07-07 07:00:00,Asia/Bangkok,41.83125215,14.54829123,15.45481481,36.69046667
387,2023-07-08 07:00:00,Asia/Bangkok,51.68407706,13.58538523,13.86746032,34.20369048
388,2023-07-09 07:00:00,Asia/Bangkok,53.64066407,9.579259259,9.768888889,33.06105185
389,2023-07-10 07:00:00,Asia/Bangkok,51.96876381,10.0984127,10.15952381,32.81584127
390,2023-07-11 07:00:00,Asia/Bangkok,52.87776548,7.860347323,8.142547033,33.7768958
391,2023-07-12 07:00:00,Asia/Bangkok,46.81495607,9.724240178,10.21851852,34.81502963
392,2023-07-13 07:00:00,Asia/Bangkok,46.97956644,11.96145293,12.20666667,35.51734074
393,2023-07-14 07:00:00,Asia/Bangkok,47.7500463,14.22928994,14.43121302,35.01550296
394,2023-07-15 07:00:00,Asia/Bangkok,43.66838677,15.74876847,17.08866995,35.89194229
395,2023-07-16 07:00:00,Asia/Bangkok,45.26948505,13.90714873,14.39030403,35.67441249
396,2023-07-17 07:00:00,Asia/Bangkok,41.91506414,7.475129918,7.496659243,36.30491463
397,2023-07-18 07:00:00,Asia/Bangkok,44.57913019,6.943578322,7.128338279,35.69658754
398,2023-07-19 07:00:00,Asia/Bangkok,44.76787776,6.549642573,6.855440826,35.27591739
399,2023-07-20 07:00:00,Asia/Bangkok,61.86770862,13.99791377,14.84075104,30.87150904
400,2023-07-21 07:00:00,Asia/Bangkok,46.49052743,5.613214551,5.837657524,35.20815419
401,2023-07-22 07:00:00,Asia/Bangkok,49.60109056,16.02342606,16.31405564,34.57909224
402,2023-07-23 07:00:00,Asia/Bangkok,46.23442072,11.60532407,11.92939815,35.51913194
403,2023-07-24 07:00:00,Asia/Bangkok,48.95748814,22.73387695,28.04521868,34.35863603
404,2023-07-25 07:00:00,Asia/Bangkok,42.81110948,15.34840623,16.94666667,36.34852593
405,2023-07-26 07:00:00,Asia/Bangkok,43.94879403,15.11404834,15.36782477,37.06651057
406,2023-07-27 07:00:00,Asia/Bangkok,53.56959476,19.29454545,20.65236364,33.37949091
407,2023-07-28 07:00:00,Asia/Bangkok,45.66338413,11.41190476,12.1047619,35.91729365
408,2023-07-29 07:00:00,Asia/Bangkok,45.58332712,10.03899721,10.46105702,35.99749652
409,2023-07-30 07:00:00,Asia/Bangkok,43.89620341,8.800555942,9.086170952,36.12834607
410,2023-07-31 07:00:00,Asia/Bangkok,53.15914018,18.15937732,18.50555967,33.76476649
411,2023-08-01 07:00:00,Asia/Bangkok,53.85651299,20.83020231,22.66403446,33.71318737
412,2023-08-02 07:00:00,Asia/Bangkok,52.82871414,12.98929664,13.29510703,33.54166667
413,2023-08-03 07:00:00,Asia/Bangkok,46.2782229,24.9496997,28.94444444,36.05938438
414,2023-08-04 07:00:00,Asia/Bangkok,46.0599383,15.98847518,17.69237589,35.98940603
415,2023-08-05 07:00:00,Asia/Bangkok,45.72130489,29.18606375,33.10155671,36.45902891
416,2023-08-06 07:00:00,Asia/Bangkok,47.92411482,27.27511244,30.49476048,35.67624251
417,2023-08-07 07:00:00,Asia/Bangkok,46.89805074,11.60437842,12.1696638,35.23699765
418,2023-08-08 07:00:00,Asia/Bangkok,47.90948326,14.47925926,14.8037037,35.35128889
419,2023-08-09 07:00:00,Asia/Bangkok,45.16423202,12.22436975,12.4302521,34.91378992
420,2023-08-10 07:00:00,Asia/Bangkok,49.8989878,11.25646711,11.42276423,34.42603104
421,2023-08-11 07:00:00,Asia/Bangkok,50.88028994,13.2468254,14.20206022,33.63760697
422,2023-08-12 07:00:00,Asia/Bangkok,44.48829596,9.640538401,9.844813935,35.979327
423,2023-08-13 07:00:00,Asia/Bangkok,45.39779104,6.699259259,6.952592593,35.58515556
424,2023-08-14 07:00:00,Asia/Bangkok,48.42896793,5.017777778,5.076296296,34.86871852
425,2023-08-15 07:00:00,Asia/Bangkok,54.22810312,8.111275964,8.230712166,32.73630564
426,2023-08-16 07:00:00,Asia/Bangkok,51.33761209,6.245860927,6.353476821,33.48932119
427,2023-08-17 07:00:00,Asia/Bangkok,51.1786747,10.16976917,10.50744048,33.25226935
428,2023-08-18 07:00:00,Asia/Bangkok,45.87354599,10.65281899,10.87388724,35.32168398
429,2023-08-19 07:00:00,Asia/Bangkok,44.26683217,9.514455152,10.13905325,35.89710059
430,2023-08-20 07:00:00,Asia/Bangkok,44.56769556,12.32616753,12.51777778,35.7085037
431,2023-08-21 07:00:00,Asia/Bangkok,45.59803834,11.61139896,11.75647668,35.46868246
432,2023-08-22 07:00:00,Asia/Bangkok,44.71438722,12.1158766,12.27443609,35.90386466
433,2023-08-23 07:00:00,Asia/Bangkok,47.5512296,16.79927273,17.55418182,35.02399273
434,2023-08-24 07:00:00,Asia/Bangkok,46.2151082,20.78457262,22.59972203,35.25272411
435,2023-08-25 07:00:00,Asia/Bangkok,46.30722085,13.41209173,13.94510076,35.64277276
436,2023-08-26 07:00:00,Asia/Bangkok,49.23117659,11.2260934,11.43407407,34.63813333
437,2023-08-27 07:00:00,Asia/Bangkok,48.90043729,15.54710145,17.04706734,33.88255612
438,2023-08-28 07:00:00,Asia/Bangkok,48.34425689,16.8437037,18.76740741,35.06418519
439,2023-08-29 07:00:00,Asia/Bangkok,44.68833595,14.01670146,16.10917942,36.04823366
440,2023-08-30 07:00:00,Asia/Bangkok,49.9192604,17.07555556,19.7157661,34.31256107
441,2023-08-31 07:00:00,Asia/Bangkok,51.92639074,17.63506396,18.93303236,34.08782543
442,2023-09-01 07:00:00,Asia/Bangkok,46.21478007,6.843120805,7.149916248,35.77532663
443,2023-09-02 07:00:00,Asia/Bangkok,54.82158887,5.948662328,6.220375723,32.76851879
444,2023-09-03 07:00:00,Asia/Bangkok,50.15849833,8.266573622,8.427773901,34.51584089
445,2023-09-04 07:00:00,Asia/Bangkok,48.32152444,5.481481481,5.525925926,35.03562222
446,2023-09-05 07:00:00,Asia/Bangkok,55.89740776,12.75240207,12.85144124,32.26537324
447,2023-09-06 07:00:00,Asia/Bangkok,52.10024901,8.715124816,9.487160675,32.63892883
448,2023-09-07 07:00:00,Asia/Bangkok,47.44098514,13.49477912,14.58313253,35.03008032
449,2023-09-08 07:00:00,Asia/Bangkok,48.42495698,26.7446319,31.40107362,35.65170245
450,2023-09-09 07:00:00,Asia/Bangkok,47.40784307,11.49655172,11.97164751,35.13558621
451,2023-09-10 07:00:00,Asia/Bangkok,48.66488476,9.650887574,9.730769231,34.27091716
452,2023-09-11 07:00:00,Asia/Bangkok,54.56536354,7.343934911,7.5,31.16430473
453,2023-09-12 07:00:00,Asia/Bangkok,43.26182531,18.65703704,19.70910437,36.14588453
454,2023-09-13 07:00:00,Asia/Bangkok,45.70285346,33.2025417,36.93804607,36.1570691
455,2023-09-14 07:00:00,Asia/Bangkok,44.60706025,32.55684647,36.79253112,35.36317842
456,2023-09-15 07:00:00,Asia/Bangkok,45.49772796,32.77567141,36.98894155,36.17763033
457,2023-09-16 07:00:00,Asia/Bangkok,46.17981907,26.00143062,29.29928571,35.15272143
458,2023-09-17 07:00:00,Asia/Bangkok,45.06321235,20.78561151,22.86862886,36.10099067
459,2023-09-18 07:00:00,Asia/Bangkok,45.77517024,18.17806041,19.87777778,35.26190476
460,2023-09-19 07:00:00,Asia/Bangkok,44.51863983,24.22916667,26.1221374,35.39800139
461,2023-09-20 07:00:00,Asia/Bangkok,45.0672109,14.05930319,14.50111193,36.3174722
462,2023-09-21 07:00:00,Asia/Bangkok,45.1923541,11.58920188,11.848319,35.7710086
463,2023-09-22 07:00:00,Asia/Bangkok,54.72214749,16.53453689,16.97723705,32.88631868
464,2023-09-23 07:00:00,Asia/Bangkok,49.89418554,11.85098612,11.95252009,34.25537619
465,2023-09-24 07:00:00,Asia/Bangkok,54.42457785,14.85135135,15.21771772,33.28466216
466,2023-09-25 07:00:00,Asia/Bangkok,55.32590976,10.49704142,10.85872781,32.60363905
467,2023-09-26 07:00:00,Asia/Bangkok,57.99495325,14.8515873,15.77857143,31.7247381
468,2023-09-27 07:00:00,Asia/Bangkok,55.59002746,9.02,9.446336047,32.26426351
469,2023-09-28 07:00:00,Asia/Bangkok,51.91189268,19.19134775,20.14642263,33.0403411
470,2023-09-29 07:00:00,Asia/Bangkok,45.13872759,38.5743338,47.56775539,36.46443363
471,2023-09-30 07:00:00,Asia/Bangkok,46.41359543,49.94707298,70.4105854,36.0708741
472,2023-10-01 07:00:00,Asia/Bangkok,41.19967461,42.4893617,54.64856933,37.71562729
473,2023-10-02 07:00:00,Asia/Bangkok,41.71251977,36.25362319,44.34250543,37.23117306
474,2023-10-03 07:00:00,Asia/Bangkok,47.722418,26.79126984,30.16415543,35.5115226
475,2023-10-04 07:00:00,Asia/Bangkok,43.90627972,10.42635085,10.80236862,36.20275352
476,2023-10-05 07:00:00,Asia/Bangkok,47.47412397,13.37857143,13.51190476,35.91093651
477,2023-10-06 07:00:00,Asia/Bangkok,46.66583808,12.3704797,12.72619926,35.43284133
478,2023-10-07 07:00:00,Asia/Bangkok,50.1618819,13.3,13.78730159,35.32865873
479,2023-10-08 07:00:00,Asia/Bangkok,50.05949406,16.58881119,16.74685315,34.63962238
480,2023-10-09 07:00:00,Asia/Bangkok,47.92680083,32.83333333,36.5780303,35.41472727
481,2023-10-10 07:00:00,Asia/Bangkok,44.94435504,33.43571429,37.78984933,36.20512292
482,2023-10-11 07:00:00,Asia/Bangkok,48.26963951,26.10393258,27.66666667,35.47543158
483,2023-10-12 07:00:00,Asia/Bangkok,50.91325722,16.37152778,16.65277778,34.74636111
484,2023-10-13 07:00:00,Asia/Bangkok,52.87606261,20.3431677,22.23506594,34.06674942
485,2023-10-14 07:00:00,Asia/Bangkok,48.79617806,12.35211268,12.60118606,35.91498888
486,2023-10-15 07:00:00,Asia/Bangkok,45.4838276,13.41347754,13.60099751,36.42965919
487,2023-10-16 07:00:00,Asia/Bangkok,52.95121673,8.685418209,8.709104367,33.10755736
488,2023-10-17 07:00:00,Asia/Bangkok,46.29702137,11.48714385,12.09160305,36.08473976
489,2023-10-18 07:00:00,Asia/Bangkok,50.1745123,14.05411416,14.48074074,33.78237037
490,2023-10-19 07:00:00,Asia/Bangkok,47.46241102,18.15122313,19.18269231,35.5229068
491,2023-10-20 07:00:00,Asia/Bangkok,48.4094706,12.21567268,12.34882108,35.04547157
492,2023-10-21 07:00:00,Asia/Bangkok,50.00501889,17.62713121,18.21777778,34.92492593
493,2023-10-22 07:00:00,Asia/Bangkok,50.69135111,11.62569444,12.03398058,34.31960472
494,2023-10-23 07:00:00,Asia/Bangkok,51.06619038,15.5404003,16.92672095,33.86305699
495,2023-10-24 07:00:00,Asia/Bangkok,46.71166785,14.64640474,15.10296296,35.11185926
496,2023-10-25 07:00:00,Asia/Bangkok,47.14862361,15.64375,16.31041667,35.17264583
497,2023-10-26 07:00:00,Asia/Bangkok,50.21384345,18.91401038,19.84752036,34.63219837
498,2023-10-27 07:00:00,Asia/Bangkok,51.22778722,15.67965024,17.0952381,34.28034921
499,2023-10-28 07:00:00,Asia/Bangkok,43.71583622,14.42073693,15.26027397,36.84892979
500,2023-10-29 07:00:00,Asia/Bangkok,50.69607263,13.73925926,14.08653846,34.20455621
501,2023-10-30 07:00:00,Asia/Bangkok,50.29181538,10.99038462,11.27588757,34.81713757
502,2023-10-31 07:00:00,Asia/Bangkok,49.14675213,8.866355866,9.184639255,35.27094647
503,2023-11-01 07:00:00,Asia/Bangkok,50.12510221,11.97258187,12.05331302,35.11623001
504,2023-11-02 07:00:00,Asia/Bangkok,54.10364894,9.388436482,9.870731707,33.16780488
505,2023-11-03 07:00:00,Asia/Bangkok,53.23040971,11.93002257,12.64258841,33.77486832
506,2023-11-04 07:00:00,Asia/Bangkok,48.06876812,19.51669086,21.44347826,35.43084783
507,2023-11-05 07:00:00,Asia/Bangkok,47.72435089,19.3437037,20.15777778,35.60499259
508,2023-11-06 07:00:00,Asia/Bangkok,49.28377049,15.17821012,16.98605732,35.20447715
509,2023-11-07 07:00:00,Asia/Bangkok,45.39721816,10.71226766,11.17716827,36.90283914
510,2023-11-08 07:00:00,Asia/Bangkok,48.6079233,15.77337559,16.25752773,35.15756735
511,2023-11-09 07:00:00,Asia/Bangkok,49.82513341,19.93232484,21.84761905,35.30435714
512,2023-11-10 07:00:00,Asia/Bangkok,52.04706398,22.71502591,24.37647929,33.99389793
513,2023-11-11 07:00:00,Asia/Bangkok,49.73316595,17.59062003,18.55396825,34.6972381
514,2023-11-12 07:00:00,Asia/Bangkok,51.52513259,10.10547185,10.26011102,34.23095163
515,2023-11-13 07:00:00,Asia/Bangkok,48.83096378,9.396336386,9.48376353,35.16190674
516,2023-11-14 07:00:00,Asia/Bangkok,51.25923798,7.945845697,8.451038576,34.54689911
517,2023-11-15 07:00:00,Asia/Bangkok,51.15102609,8.652748782,9.041637752,34.61718251
518,2023-11-16 07:00:00,Asia/Bangkok,53.58297629,8.726190476,8.896114195,33.80362411
519,2023-11-17 07:00:00,Asia/Bangkok,57.25087319,7.911458333,8.623703704,32.15059259
520,2023-11-18 07:00:00,Asia/Bangkok,54.47033719,9.847739889,9.965900079,33.57164155
521,2023-11-19 07:00:00,Asia/Bangkok,55.03483978,3.708456973,3.917037037,32.4109037
522,2023-11-20 07:00:00,Asia/Bangkok,50.51486496,12.80534918,13.30215293,34.03849295
523,2023-11-21 07:00:00,Asia/Bangkok,52.29865987,17.78219396,18.46629659,33.9190563
524,2023-11-22 07:00:00,Asia/Bangkok,54.68849635,17.32936508,17.66190476,32.9327619
525,2023-11-23 07:00:00,Asia/Bangkok,53.71537976,15.5528197,15.96746032,33.00295238
526,2023-11-24 07:00:00,Asia/Bangkok,53.23489552,14.23596358,14.4522003,33.45770865
527,2023-11-25 07:00:00,Asia/Bangkok,54.32454589,12.00302343,12.29962264,32.93827925
528,2023-11-26 07:00:00,Asia/Bangkok,58.15428868,9.148177496,9.338083927,31.53749802
529,2023-11-27 07:00:00,Asia/Bangkok,57.52125821,11.19096965,12.60428994,31.21236686
530,2023-11-28 07:00:00,Asia/Bangkok,52.21348834,4.045685279,4.472121651,32.8404055
531,2023-11-29 07:00:00,Asia/Bangkok,53.73357113,5.832061069,5.842470507,32.84468425
532,2023-11-30 07:00:00,Asia/Bangkok,58.62959708,5.979819068,6.21542738,31.62214038
533,2023-12-01 07:00:00,Asia/Bangkok,52.35091829,9.449486301,9.711111111,33.55831624
534,2023-12-02 07:00:00,Asia/Bangkok,53.35985326,7.697767145,8.045382166,33.24029459
535,2023-12-03 07:00:00,Asia/Bangkok,54.28285644,11.83623418,12.01185771,32.85143874
536,2023-12-04 07:00:00,Asia/Bangkok,51.53613896,5.682008368,5.790133779,34.00433946
537,2023-12-05 07:00:00,Asia/Bangkok,47.12129274,5.10653753,5.18401937,35.9343745
538,2023-12-06 07:00:00,Asia/Bangkok,48.07114889,9.876130828,10.08066759,35.73063978
539,2023-12-07 07:00:00,Asia/Bangkok,45.67847661,9.257968866,9.529237602,35.86978534
540,2023-12-08 07:00:00,Asia/Bangkok,51.23907596,9.122036262,9.225783972,33.94255749
541,2023-12-09 07:00:00,Asia/Bangkok,45.76594897,8.435126582,8.731437599,35.59256714
542,2023-12-10 07:00:00,Asia/Bangkok,44.38703807,10.38265712,10.79143537,35.99632831
543,2023-12-11 07:00:00,Asia/Bangkok,46.55183831,19.25277778,20.13254684,35.9956211
544,2023-12-12 07:00:00,Asia/Bangkok,46.77078377,20.2994811,20.84581171,35.60229059
545,2023-12-13 07:00:00,Asia/Bangkok,45.68843753,20.65433013,21.09696521,35.32128053
546,2023-12-14 07:00:00,Asia/Bangkok,53.05527617,14.24880763,14.64495631,33.62500397
547,2023-12-15 07:00:00,Asia/Bangkok,53.43084882,11.76826722,11.95340751,33.87968707
548,2023-12-16 07:00:00,Asia/Bangkok,53.51041793,13.81306463,13.89645587,33.80219597
549,2023-12-17 07:00:00,Asia/Bangkok,46.50937334,8.923816568,9.108567208,35.20552437
550,2023-12-18 07:00:00,Asia/Bangkok,46.95980039,7.761275272,8.241860465,35.31479845
551,2023-12-19 07:00:00,Asia/Bangkok,46.79230974,7.011093502,7.149643705,35.21671417
552,2023-12-20 07:00:00,Asia/Bangkok,50.36825993,10.65974796,10.88148148,34.5717037
553,2023-12-21 07:00:00,Asia/Bangkok,54.51596902,18.18710191,20.20126783,33.18380349
554,2023-12-22 07:00:00,Asia/Bangkok,47.88568688,10.96213808,11.17642698,35.04861379
555,2023-12-23 07:00:00,Asia/Bangkok,47.72394623,7.799259259,8.00887574,34.27400148
556,2023-12-24 07:00:00,Asia/Bangkok,54.4747491,10.15299026,10.50902778,32.49236806
557,2023-12-25 07:00:00,Asia/Bangkok,59.40257856,7.01181376,7.47814018,31.09500347
558,2023-12-26 07:00:00,Asia/Bangkok,55.62385118,7.587828492,7.598893499,31.82061549
559,2023-12-27 07:00:00,Asia/Bangkok,51.47582226,16.22189349,16.4556213,33.08160503
560,2023-12-28 07:00:00,Asia/Bangkok,49.53907018,16.50198255,16.67486122,33.99466297
561,2023-12-29 07:00:00,Asia/Bangkok,52.22428145,8.772063933,8.886031967,33.46350938
562,2023-12-30 07:00:00,Asia/Bangkok,54.19383758,9.729970326,9.859896219,33.35387695
563,2023-12-31 07:00:00,Asia/Bangkok,47.96773309,10.15299335,10.32422452,35.08974151
564,2024-01-01 07:00:00,Asia/Bangkok,46.35201085,10.25648213,12.57997218,35.1989847
565,2024-01-02 07:00:00,Asia/Bangkok,46.37320414,8.99026764,9.0081103,35.16272506
566,2024-01-03 07:00:00,Asia/Bangkok,45.2946486,9.563069909,10.41786525,35.39005299
567,2024-01-04 07:00:00,Asia/Bangkok,44.94729485,8.657936508,8.900158479,35.64380349
568,2024-01-05 07:00:00,Asia/Bangkok,44.60719904,9.291759465,9.774074074,35.31363704
569,2024-01-06 07:00:00,Asia/Bangkok,45.30541505,12.82876205,12.99332839,34.59462565
570,2024-01-07 07:00:00,Asia/Bangkok,47.18978556,12.92957746,13.23333333,35.08282963
571,2024-01-08 07:00:00,Asia/Bangkok,52.34876198,9.915079365,9.961111111,33.52126984
572,2024-01-09 07:00:00,Asia/Bangkok,49.20175249,8.741691843,8.794561934,34.66069486
573,2024-01-10 07:00:00,Asia/Bangkok,48.38018036,9.419642857,9.445616883,35.02913149
574,2024-01-11 07:00:00,Asia/Bangkok,47.35074947,11.0775076,11.10942249,34.96759878
575,2024-01-12 07:00:00,Asia/Bangkok,45.58127606,11.27131208,11.34395849,35.13250556
576,2024-01-13 07:00:00,Asia/Bangkok,45.80652674,16.50553797,16.96518987,34.64498418
577,2024-01-14 07:00:00,Asia/Bangkok,43.26687494,17.7984127,18.65344964,35.05815226
578,2024-01-15 07:00:00,Asia/Bangkok,43.2159737,13.59777778,13.82074074,34.64334815
579,2024-01-16 07:00:00,Asia/Bangkok,47.63279628,13.25435816,13.33835182,34.04782092
580,2024-01-17 07:00:00,Asia/Bangkok,47.97506495,10.1968254,10.53211737,34.17531324
581,2024-01-18 07:00:00,Asia/Bangkok,45.91610429,6.480127186,6.841269841,34.29631746
582,2024-01-19 07:00:00,Asia/Bangkok,47.0038997,10.77505568,11.13343217,34.25011119
583,2024-01-20 07:00:00,Asia/Bangkok,46.11933254,16.85305798,17.40793651,35.03592063
584,2024-01-21 07:00:00,Asia/Bangkok,43.82930016,22.18953212,23.53090333,35.29946117
585,2024-01-22 07:00:00,Asia/Bangkok,45.13234932,23.98330684,25.55043685,35.18147736
586,2024-01-23 07:00:00,Asia/Bangkok,52.31820814,10.68319763,11.60399704,32.72104367
587,2024-01-24 07:00:00,Asia/Bangkok,48.31290729,7.485416667,7.511805556,33.80415278
588,2024-01-25 07:00:00,Asia/Bangkok,52.75977183,7.305798253,7.387301587,33.06396825
589,2024-01-26 07:00:00,Asia/Bangkok,54.84590046,6.281395349,6.405112316,32.16666925
590,2024-01-27 07:00:00,Asia/Bangkok,51.15310053,9.309954751,9.44009043,33.06518463
591,2024-01-28 07:00:00,Asia/Bangkok,49.05637113,9.076672104,9.101141925,33.0471615
592,2024-01-29 07:00:00,Asia/Bangkok,48.30443005,9.10572337,9.145468998,33.3095787
593,2024-01-30 07:00:00,Asia/Bangkok,47.97886418,10.05309033,10.10776545,33.64359746
594,2024-01-31 07:00:00,Asia/Bangkok,45.09194259,13.24312268,13.91481481,34.65061481
595,2024-02-01 07:00:00,Asia/Bangkok,46.43842082,15.8445146,16.31388013,34.59120662
596,2024-02-02 07:00:00,Asia/Bangkok,45.94280424,22.6987131,23.90840273,34.60018925
597,2024-02-03 07:00:00,Asia/Bangkok,44.567455,18.21893939,19.06742424,35.52303788
598,2024-02-04 07:00:00,Asia/Bangkok,44.57514796,18.26547353,20.09873794,35.47507795
599,2024-02-05 07:00:00,Asia/Bangkok,44.90911763,28.01930215,31.1162963,35.51714815
600,2024-02-06 07:00:00,Asia/Bangkok,44.66333047,26.42062315,30.10452187,35.44322461
601,2024-02-07 07:00:00,Asia/Bangkok,45.99649571,23.19378698,25.04733728,35.34535503
602,2024-02-08 07:00:00,Asia/Bangkok,43.50062585,23.78767632,25.77851852,35.70471852
603,2024-02-09 07:00:00,Asia/Bangkok,43.8669063,21.87027428,23.2637037,36.1401037
604,2024-02-10 07:00:00,Asia/Bangkok,44.31363991,26.67431532,28.98595713,34.95882483
605,2024-02-11 07:00:00,Asia/Bangkok,44.78613546,18.65700083,19.02982601,34.54554267
606,2024-02-12 07:00:00,Asia/Bangkok,44.15184491,13.45106036,13.57864711,33.7302608
607,2024-02-13 07:00:00,Asia/Bangkok,45.37438995,13.98004435,14.0436068,33.46427199
608,2024-02-14 07:00:00,Asia/Bangkok,48.13734492,12.34763181,13.08912656,33.57442068
609,2024-02-15 07:00:00,Asia/Bangkok,49.48146318,13.95996732,14.21387755,34.20906122
610,2024-02-16 07:00:00,Asia/Bangkok,43.07691988,13.43076923,13.66467577,36.02294369
611,2024-02-17 07:00:00,Asia/Bangkok,43.41216473,13.30379747,13.71354167,35.6000372
612,2024-02-18 07:00:00,Asia/Bangkok,41.5170356,13.49105812,14.607698,35.52429312
613,2024-02-19 07:00:00,Asia/Bangkok,44.17245797,14.96958457,15.1608599,36.01050408
614,2024-02-20 07:00:00,Asia/Bangkok,41.57125204,11.58690987,11.67167382,37.31614807
615,2024-02-23 07:00:00,Asia/Bangkok,47.80947602,18.40841584,31.56561086,34.36565611
616,2024-02-24 07:00:00,Asia/Bangkok,41.79453022,6.027468448,6.443703704,36.23805185
617,2024-02-25 07:00:00,Asia/Bangkok,41.81265625,6.176388889,6.235416667,36.02635417
618,2024-02-26 07:00:00,Asia/Bangkok,41.86322615,16.36249073,16.63185185,36.53302222
619,2024-02-27 07:00:00,Asia/Bangkok,44.30255614,15.46543408,15.77831325,35.56901205
620,2024-02-28 07:00:00,Asia/Bangkok,43.17564242,12.48046875,12.52890625,35.69064063
621,2024-02-29 07:00:00,Asia/Bangkok,41.29058681,17.15122313,17.43851852,35.85505926
622,2024-03-01 07:00:00,Asia/Bangkok,41.16544917,19.43219667,19.9333862,36.51175258
623,2024-03-02 07:00:00,Asia/Bangkok,42.69457396,17.39497041,17.70044379,36.52322485
624,2024-03-03 07:00:00,Asia/Bangkok,45.38061199,20.45266508,20.98888006,35.93477363
625,2024-03-04 07:00:00,Asia/Bangkok,44.25956738,14.57988166,14.6989645,35.64543639
626,2024-03-05 07:00:00,Asia/Bangkok,43.99536071,22.03640416,23.22683469,36.44640474
627,2024-03-06 07:00:00,Asia/Bangkok,44.72043056,26.28389513,27.81423221,36.40031461
628,2024-03-07 07:00:00,Asia/Bangkok,41.30316405,28.33037037,31.48002959,37.85098373
629,2024-03-08 07:00:00,Asia/Bangkok,40.00181722,28.97994056,32.26354863,37.71475872
630,2024-03-09 07:00:00,Asia/Bangkok,42.45466804,26.76746032,29.05233941,36.4185567
631,2024-03-10 07:00:00,Asia/Bangkok,47.12760067,14.45595855,16.46819527,35.32361686
632,2024-03-11 07:00:00,Asia/Bangkok,41.12826049,31.20607858,33.6567828,36.21332098
633,2024-03-12 07:00:00,Asia/Bangkok,40.83391799,26.87694589,28.99111769,36.07105848
634,2024-03-13 07:00:00,Asia/Bangkok,40.91378875,25.91746032,28.06497623,36.3918542
635,2024-03-14 07:00:00,Asia/Bangkok,39.21506749,20.53846154,21.53608247,37.04994449
636,2024-03-15 07:00:00,Asia/Bangkok,40.85153323,14.45299778,14.84529978,37.31735751
637,2024-03-16 07:00:00,Asia/Bangkok,39.43926006,19.32050333,19.64349112,37.24861686
638,2024-03-17 07:00:00,Asia/Bangkok,39.21484093,13.7157661,13.92598075,37.15888231
639,2024-03-18 07:00:00,Asia/Bangkok,41.28138353,20.20310078,20.98994586,36.60136118
640,2024-03-19 07:00:00,Asia/Bangkok,41.84920232,17.92261393,18.44243986,36.2160567
641,2024-03-20 07:00:00,Asia/Bangkok,40.37874794,14.18477399,14.46830428,35.87755151
642,2024-03-21 07:00:00,Asia/Bangkok,40.93756593,15.71672862,16.53925926,36.0114
643,2024-03-22 07:00:00,Asia/Bangkok,40.48453326,23.84287926,25.20804331,36.25592421
644,2024-03-23 07:00:00,Asia/Bangkok,39.05721527,31.32061069,36.48854962,36.90832061
645,2024-03-24 07:00:00,Asia/Bangkok,40.93585908,23.74255952,24.2485119,37.54973214
646,2024-03-25 07:00:00,Asia/Bangkok,41.39188621,16.3209785,16.47887324,37.43303188
647,2024-03-26 07:00:00,Asia/Bangkok,39.67330465,15.05964369,15.31525949,36.44880713
648,2024-03-27 07:00:00,Asia/Bangkok,44.4310851,13.90720119,14.42475908,36.70381023
649,2024-03-28 07:00:00,Asia/Bangkok,42.66134872,11.59504792,11.67891374,37.34332268
650,2024-03-29 07:00:00,Asia/Bangkok,42.63114935,13.83495935,13.89837398,37.63039024
651,2024-03-30 07:00:00,Asia/Bangkok,41.03359728,10.94928085,11.23280423,38.29661376
652,2024-03-31 07:00:00,Asia/Bangkok,46.0818329,20.42292171,21.61693548,36.15198387
653,2024-04-01 07:00:00,Asia/Bangkok,44.87202372,20.37543373,21.68793343,36.71845354
654,2024-04-02 07:00:00,Asia/Bangkok,43.33443405,24.35373134,28.43175074,37.3629822
655,2024-04-03 07:00:00,Asia/Bangkok,39.3402435,17.16609589,18.23076923,38.4305812
656,2024-04-04 07:00:00,Asia/Bangkok,41.32176558,17.80429948,18.53515914,38.35033309
657,2024-04-05 07:00:00,Asia/Bangkok,41.37324228,24.78396437,26.81454006,37.8910905
658,2024-04-06 07:00:00,Asia/Bangkok,39.1558886,27.02668643,30.33160622,37.8780829
659,2024-04-07 07:00:00,Asia/Bangkok,39.45249147,28.21331058,30.98549488,37.33245734
660,2024-04-08 07:00:00,Asia/Bangkok,39.46468299,19.56624722,20.68047337,36.89501479
661,2024-04-09 07:00:00,Asia/Bangkok,43.5091729,17.06666667,18.2844691,37.56767036
662,2024-04-10 07:00:00,Asia/Bangkok,44.06517565,11.84592593,12.85122132,37.56855662
663,2024-04-11 07:00:00,Asia/Bangkok,46.08765132,9.524031008,9.732198142,36.06337461
664,2024-04-12 07:00:00,Asia/Bangkok,41.47707927,15.45591739,15.62351072,36.96599682
665,2024-04-13 07:00:00,Asia/Bangkok,43.19778514,20.7124031,21.78328173,37.0402322
666,2024-04-14 07:00:00,Asia/Bangkok,42.53649527,21.2353812,22.02440828,37.06265533
667,2024-04-15 07:00:00,Asia/Bangkok,42.82450111,20.74444444,21.58055556,37.44827778
668,2024-04-16 07:00:00,Asia/Bangkok,41.49085781,13.29302736,13.36540159,37.81394528
669,2024-04-17 07:00:00,Asia/Bangkok,40.68314163,8.736459175,8.799514956,37.75158448
670,2024-04-18 07:00:00,Asia/Bangkok,42.54827415,14.04924543,14.96590008,37.51059477
671,2024-04-19 07:00:00,Asia/Bangkok,40.98887919,20.06040268,21.29697987,37.41948826
672,2024-04-20 07:00:00,Asia/Bangkok,44.65853721,22.27710843,24.1892275,36.84360737
673,2024-04-21 07:00:00,Asia/Bangkok,44.75930862,20.3504902,21.54759967,37.06651749
674,2024-04-22 07:00:00,Asia/Bangkok,44.22112453,21.44208933,22.28311885,37.99347464
675,2024-04-23 07:00:00,Asia/Bangkok,42.90555051,26.85995279,29.90086546,38.2024941
676,2024-04-24 07:00:00,Asia/Bangkok,42.43627404,24.12962963,27.3306213,38.27995562
677,2024-04-25 07:00:00,Asia/Bangkok,41.70359833,27.55833333,30.36083333,38.5257
678,2024-04-26 07:00:00,Asia/Bangkok,45.8477567,25.07710652,27.67089611,37.46548771
679,2024-04-27 07:00:00,Asia/Bangkok,48.66734859,25.09111111,26.68074074,36.66879259
680,2024-04-28 07:00:00,Asia/Bangkok,40.35081249,12.64975678,13.6259542,38.74846634
681,2024-04-29 07:00:00,Asia/Bangkok,51.63964816,16.90419162,17.36526946,35.37625321
682,2024-04-30 07:00:00,Asia/Bangkok,44.12098875,17.73610082,18.1857883,38.72826795
683,2024-05-01 07:00:00,Asia/Bangkok,42.68696669,18.90959556,19.57097542,38.41803331
684,2024-05-02 07:00:00,Asia/Bangkok,42.15530127,16.86258936,17.40555556,38.27618254
685,2024-05-03 07:00:00,Asia/Bangkok,44.49297045,17.25416998,17.43764893,38.48870532
686,2024-05-04 07:00:00,Asia/Bangkok,47.82932136,19.86297376,20.30174927,36.64187318
687,2024-05-05 07:00:00,Asia/Bangkok,49.6987186,22.85918675,23.7996988,35.93548193
688,2024-05-06 07:00:00,Asia/Bangkok,49.9036228,19.6669134,20.28645448,35.48197631
689,2024-05-07 07:00:00,Asia/Bangkok,44.27849538,21.20805369,22.08190618,37.52371556
690,2024-05-08 07:00:00,Asia/Bangkok,46.55262217,20.54811119,20.93086244,37.20111903
691,2024-05-09 07:00:00,Asia/Bangkok,43.74515302,10.81349206,11.20793651,37.43326984
692,2024-05-10 07:00:00,Asia/Bangkok,43.83522652,8.45409015,8.699749791,37.89989992
693,2024-05-11 07:00:00,Asia/Bangkok,48.37213727,16.08809524,16.92942109,35.7728073
694,2024-05-12 07:00:00,Asia/Bangkok,47.95654801,13.87327376,14.08204712,36.63594639
695,2024-05-13 07:00:00,Asia/Bangkok,42.13991372,12.51745068,12.84685368,38.04723275
696,2024-05-14 07:00:00,Asia/Bangkok,45.25822491,22.23542771,23.04314913,37.18754731
697,2024-05-15 07:00:00,Asia/Bangkok,43.6503852,9.348888889,9.484085862,38.20902295
698,2024-05-16 07:00:00,Asia/Bangkok,39.70660361,8.954506438,9.093562232,39.31139914
699,2024-05-17 07:00:00,Asia/Bangkok,56.15236746,11.27444536,11.51848809,33.63576007
700,2024-05-18 07:00:00,Asia/Bangkok,47.72283521,19.74861111,20.71527778,36.90511111
701,2024-05-19 07:00:00,Asia/Bangkok,44.7413875,27.67973373,30.59689349,37.65297337
702,2024-05-20 07:00:00,Asia/Bangkok,46.08256533,27.38472943,28.85037037,37.06826667
703,2024-05-21 07:00:00,Asia/Bangkok,49.28864393,20.91911182,21.25297383,35.81192704
704,2024-05-22 07:00:00,Asia/Bangkok,47.596188,16.0637037,16.49777778,36.21007407
705,2024-05-23 07:00:00,Asia/Bangkok,51.08754273,11.92692613,12.1223193,35.16134234
706,2024-05-24 07:00:00,Asia/Bangkok,42.67165679,10.98834499,11.33048875,37.18012413
707,2024-05-25 07:00:00,Asia/Bangkok,41.16186204,10.71156894,10.76545166,38.56659271
708,2024-05-26 07:00:00,Asia/Bangkok,43.58971844,17.24483307,17.53418124,36.74734499
709,2024-05-27 07:00:00,Asia/Bangkok,41.11665215,12.71471025,13.12982196,38.49938427
710,2024-05-28 07:00:00,Asia/Bangkok,45.06869008,17.77963272,18.86238532,36.78874896
711,2024-05-29 07:00:00,Asia/Bangkok,41.59454937,19.53115727,20.85544848,38.95579689
712,2024-05-30 07:00:00,Asia/Bangkok,48.550265,28.56692913,31.2519685,37.24782391
713,2024-05-31 07:00:00,Asia/Bangkok,46.63493722,21.47388342,22.22465961,37.68433434
714,2024-06-01 07:00:00,Asia/Bangkok,55.33467213,20.56498873,21.43200601,33.76150263
715,2024-06-02 07:00:00,Asia/Bangkok,49.28994136,20.26736111,21.20402498,35.63945871
716,2024-06-03 07:00:00,Asia/Bangkok,49.72584682,12.28846154,12.55991124,35.37715976
717,2024-06-04 07:00:00,Asia/Bangkok,49.64643556,20.07291667,21.55416667,36.22996528
718,2024-06-05 07:00:00,Asia/Bangkok,43.38949948,12.88435878,13.66025167,37.54316802
719,2024-06-06 07:00:00,Asia/Bangkok,40.1996319,8.22353812,8.247224278,38.08994078
720,2024-06-07 07:00:00,Asia/Bangkok,39.97517081,12.08269632,12.24322446,38.25266157
721,2024-06-08 07:00:00,Asia/Bangkok,47.71455663,10.6056338,10.69755374,36.19896961
722,2024-06-09 07:00:00,Asia/Bangkok,43.34965701,8.384989576,8.544444444,37.11454861
723,2024-06-10 07:00:00,Asia/Bangkok,42.66461679,9.700746269,9.725373134,36.34402239
724,2024-06-11 07:00:00,Asia/Bangkok,42.70211602,12.81751288,13.16972814,36.63889787
725,2024-06-12 07:00:00,Asia/Bangkok,37.78011774,11.0316403,11.05745212,37.42886761
726,2024-06-13 07:00:00,Asia/Bangkok,36.53757023,14.74722222,15.35669674,38.293678
727,2024-06-14 07:00:00,Asia/Bangkok,40.73637109,10.18109611,10.22160445,37.20482129
728,2024-06-15 07:00:00,Asia/Bangkok,41.09278976,10.07301587,10.29047619,37.40530159
729,2024-06-16 07:00:00,Asia/Bangkok,42.37676855,10.57869081,10.78496868,37.54499652
730,2024-06-17 07:00:00,Asia/Bangkok,55.79825472,8.302777778,8.331944444,32.74586806
731,2024-06-18 07:00:00,Asia/Bangkok,50.5381722,6.901408451,7.09340252,33.39088213
732,2024-06-19 07:00:00,Asia/Bangkok,47.67324626,10.46142433,10.68717569,35.10951075
733,2024-06-20 07:00:00,Asia/Bangkok,45.84335964,7.521015067,7.60666138,35.39201427
734,2024-06-21 07:00:00,Asia/Bangkok,44.31590593,7.387240356,7.661971831,35.78804299
735,2024-06-22 07:00:00,Asia/Bangkok,52.10356646,4.463917526,4.489294211,32.65335448
736,2024-06-23 07:00:00,Asia/Bangkok,52.08417523,5.613462873,5.653018737,32.47820264
737,2024-06-24 07:00:00,Asia/Bangkok,46.74746938,13.57272095,14.14335421,34.30187891
738,2024-06-25 07:00:00,Asia/Bangkok,49.58926921,15.14581791,15.45743893,33.64707624
739,2024-06-26 07:00:00,Asia/Bangkok,45.64818348,28.72774481,31.87925926,36.36333333
740,2024-06-27 07:00:00,Asia/Bangkok,42.66015632,25.77546983,27.66600791,37.51971344
741,2024-06-28 07:00:00,Asia/Bangkok,43.96745673,14.01612903,14.41337631,35.99025786
742,2024-06-29 07:00:00,Asia/Bangkok,53.23265258,18.45836638,18.83584457,34.02365583
743,2024-06-30 07:00:00,Asia/Bangkok,51.58161316,13.43253968,13.96034893,34.75690722
744,2024-07-01 07:00:00,Asia/Bangkok,48.72753886,13.47393745,13.69951923,35.17947115
745,2024-07-02 07:00:00,Asia/Bangkok,45.13077949,13.34658188,13.47297297,35.82274245
746,2024-07-03 07:00:00,Asia/Bangkok,47.19383249,14.79411765,15.31930103,34.90130262
747,2024-07-04 07:00:00,Asia/Bangkok,44.47662104,14.76130467,16.25185185,36.08221481
748,2024-07-05 07:00:00,Asia/Bangkok,48.70357731,11.90241868,12.2410342,34.0842035
749,2024-07-06 07:00:00,Asia/Bangkok,50.78118141,16.65584416,17.73133117,33.03021104
750,2024-07-07 07:00:00,Asia/Bangkok,48.3872175,8.310083397,8.40530303,35.19518939
751,2024-07-08 07:00:00,Asia/Bangkok,47.64037746,9.996584116,10.16396243,34.9133988
752,2024-07-09 07:00:00,Asia/Bangkok,47.44474788,7.707841777,7.774462179,35.30321305
753,2024-07-10 07:00:00,Asia/Bangkok,49.36156958,6.177918983,6.463492063,34.64185862
754,2024-07-11 07:00:00,Asia/Bangkok,51.43747291,15.43819393,15.71058475,34.21411547
755,2024-07-12 07:00:00,Asia/Bangkok,48.126596,11.76535899,11.9903775,34.82373057
756,2024-07-13 07:00:00,Asia/Bangkok,52.882425,12.71682728,12.80948851,33.75273739
757,2024-07-14 07:00:00,Asia/Bangkok,46.32103513,21.7943787,23.21597633,36.1064571
758,2024-07-15 07:00:00,Asia/Bangkok,47.3465068,10.20857988,10.87130178,34.50488166
759,2024-07-16 07:00:00,Asia/Bangkok,44.94921192,14.55703704,15.67949667,36.36367135
760,2024-07-17 07:00:00,Asia/Bangkok,49.14916022,34.19259259,41.69703704,35.46854815
761,2024-07-18 07:00:00,Asia/Bangkok,55.99693319,16.26888889,16.49925926,32.85184444
762,2024-07-19 07:00:00,Asia/Bangkok,44.61472593,25.82148148,27.0237037,37.07274815
763,2024-07-20 07:00:00,Asia/Bangkok,48.31172351,23.21434263,24.26135458,36.03885259
764,2024-07-21 07:00:00,Asia/Bangkok,45.64369013,24.15218902,26.58373871,36.32227936
765,2024-07-22 07:00:00,Asia/Bangkok,49.44323239,34.23533779,39.79985174,35.83222387
766,2024-07-23 07:00:00,Asia/Bangkok,45.20157835,30.58636027,33.24240178,37.42805041
767,2024-07-24 07:00:00,Asia/Bangkok,48.37782332,34.22723908,41.44411547,36.04207994
768,2024-07-25 07:00:00,Asia/Bangkok,44.96956672,30.25198098,35.59904913,36.4194374
769,2024-07-26 07:00:00,Asia/Bangkok,41.43783964,24.97656982,27.41049672,37.75345829
770,2024-07-27 07:00:00,Asia/Bangkok,48.94676723,28.41596639,30.10189076,35.67945378
771,2024-07-28 07:00:00,Asia/Bangkok,44.45547856,29.39930556,32.17626648,36.97340042
772,2024-07-29 07:00:00,Asia/Bangkok,53.27393537,18.65027756,20.42030135,33.34881047
773,2024-07-30 07:00:00,Asia/Bangkok,50.04964961,12.39014855,12.59921875,34.34988281
774,2024-07-31 07:00:00,Asia/Bangkok,46.29255732,21.39366197,21.93028169,36.07534507
775,2024-08-01 07:00:00,Asia/Bangkok,48.716338,29.01851852,31.99037037,35.7368
776,2024-08-02 07:00:00,Asia/Bangkok,48.03036635,22.71190476,23.97142857,35.19815079
777,2024-08-03 07:00:00,Asia/Bangkok,45.84884826,21.19096965,22.13027387,36.03430052
778,2024-08-04 07:00:00,Asia/Bangkok,52.46861427,19.34256927,20.69941226,33.60684299
779,2024-08-05 07:00:00,Asia/Bangkok,49.18951954,10.41213554,10.643026,33.70874704
780,2024-08-06 07:00:00,Asia/Bangkok,47.16348299,12.3798627,12.91151793,35.44786423
781,2024-08-07 07:00:00,Asia/Bangkok,47.25265821,7.078861789,7.080487805,35.08680488
782,2024-08-08 07:00:00,Asia/Bangkok,48.01554039,5.171849427,5.297628782,35.04802944
783,2024-08-09 07:00:00,Asia/Bangkok,44.7880741,16.01165695,16.30391341,36.43962531
784,2024-08-10 07:00:00,Asia/Bangkok,51.10043131,17.91816056,18.2741433,34.39257009
785,2024-08-11 07:00:00,Asia/Bangkok,48.42425926,11.5873494,11.78237952,35.13768825
786,2024-08-12 07:00:00,Asia/Bangkok,49.34171459,7.774781919,7.860428232,34.66927042
787,2024-08-13 07:00:00,Asia/Bangkok,42.71100102,8.159041394,8.541757444,36.198061
788,2024-08-14 07:00:00,Asia/Bangkok,43.67219167,9.861111111,10.00416378,37.16344205
789,2024-08-15 07:00:00,Asia/Bangkok,51.45883671,10.67727609,10.71132494,34.55259808
790,2024-08-16 07:00:00,Asia/Bangkok,49.79595177,15.2828353,16.08061154,35.38225156
791,2024-08-17 07:00:00,Asia/Bangkok,50.88272922,15.61884058,16.52246377,35.17121102
792,2024-08-18 07:00:00,Asia/Bangkok,50.38925992,12.33200637,12.79206349,34.79145238
793,2024-08-19 07:00:00,Asia/Bangkok,52.78779422,8.979381443,9.139461173,34.31402536
794,2024-08-20 07:00:00,Asia/Bangkok,51.940955,7.257936508,7.258730159,34.2583254
795,2024-08-21 07:00:00,Asia/Bangkok,49.80343121,4.883495146,4.883495146,33.14749653
796,2024-08-22 07:00:00,Asia/Bangkok,42.17843468,6.93968254,6.962698413,36.83447619
797,2024-08-23 07:00:00,Asia/Bangkok,49.35961093,6.313856427,6.504587156,35.17135947
798,2024-08-24 07:00:00,Asia/Bangkok,56.29581662,6.173987941,6.184323859,32.39482343
799,2024-08-25 07:00:00,Asia/Bangkok,48.8856221,4.421820709,4.435719249,34.43608756
800,2024-08-26 07:00:00,Asia/Bangkok,55.79987892,5.247958426,5.250185598,32.28504826
801,2024-08-27 07:00:00,Asia/Bangkok,51.15559701,5.128561501,5.136900625,33.82159138
802,2024-08-28 07:00:00,Asia/Bangkok,56.73282151,2.501982554,2.513084853,31.86033279
803,2024-08-29 07:00:00,Asia/Bangkok,50.68770277,4.126387703,4.154568745,33.8241436
804,2024-08-30 07:00:00,Asia/Bangkok,47.24602907,6.7247557,6.793159609,35.76212541
805,2024-08-31 07:00:00,Asia/Bangkok,43.04322677,13.50764951,13.581363,37.25337969
806,2024-09-01 07:00:00,Asia/Bangkok,46.3775827,19.56190476,20.74285714,35.98628571
807,2024-09-02 07:00:00,Asia/Bangkok,44.24864163,11.29925926,11.41407407,36.75912593
808,2024-09-03 07:00:00,Asia/Bangkok,49.12021491,9.98296837,10.24311183,34.75302269
809,2024-09-04 07:00:00,Asia/Bangkok,43.86637189,5.344435418,5.344435418,35.93407799
810,2024-09-05 07:00:00,Asia/Bangkok,41.47799769,3.425277541,3.448334757,37.01321947
811,2024-09-06 07:00:00,Asia/Bangkok,43.32108382,5.77804878,5.798373984,37.04535772
812,2024-09-07 07:00:00,Asia/Bangkok,46.21749984,3.443234837,3.443234837,35.86327372
813,2024-09-08 07:00:00,Asia/Bangkok,55.20432565,8.384729429,8.399555226,32.77547072
814,2024-09-09 07:00:00,Asia/Bangkok,56.11926635,9.179392142,9.234247591,31.65859896
815,2024-09-10 07:00:00,Asia/Bangkok,47.39086562,5.446527778,5.464583333,34.66234722
816,2024-09-11 07:00:00,Asia/Bangkok,42.36720645,10.13343217,10.66493699,36.55788732
817,2024-09-12 07:00:00,Asia/Bangkok,42.56633667,11.3747927,13.01241722,37.13452815
818,2024-09-13 07:00:00,Asia/Bangkok,51.37200444,6.03626943,6.062916358,33.73583272
819,2024-09-14 07:00:00,Asia/Bangkok,52.06464267,5.369006254,5.377345379,33.09682418
820,2024-09-15 07:00:00,Asia/Bangkok,54.14120715,5.847916667,6.017361111,33.03914583
821,2024-09-16 07:00:00,Asia/Bangkok,53.76237724,4.111022998,4.146708961,33.22548771
822,2024-09-17 07:00:00,Asia/Bangkok,51.83972071,2.069514844,2.0782042,33.35111513
823,2024-09-18 07:00:00,Asia/Bangkok,51.60173222,2.564285714,2.565873016,33.25188889
824,2024-09-19 07:00:00,Asia/Bangkok,52.01442943,2.608821403,2.622559653,33.12536515
825,2024-09-20 07:00:00,Asia/Bangkok,47.99474259,2.602962963,2.602962963,34.41488148
826,2024-09-21 07:00:00,Asia/Bangkok,54.05301016,6.968017058,6.987206823,32.65152807
827,2024-09-22 07:00:00,Asia/Bangkok,48.3756801,7.878960195,7.94394801,35.06270512
828,2024-09-23 07:00:00,Asia/Bangkok,51.09643123,7.256676558,7.260385757,34.52385015
829,2024-09-24 07:00:00,Asia/Bangkok,49.07769625,4.618651124,4.642797669,34.76789342
830,2024-09-25 07:00:00,Asia/Bangkok,50.3786477,8.30075188,8.30994152,34.65609023
831,2024-09-26 07:00:00,Asia/Bangkok,47.55477758,10.26645004,10.35580829,35.29963444
832,2024-09-27 07:00:00,Asia/Bangkok,47.21701158,7.434519304,7.562452687,35.27553369
833,2024-09-28 07:00:00,Asia/Bangkok,43.63410043,7.407849829,7.963341858,36.86392157
834,2024-09-29 07:00:00,Asia/Bangkok,48.65229032,9.3,9.313492063,35.94951587
835,2024-09-30 07:00:00,Asia/Bangkok,46.4999646,12.34603175,12.47698413,35.8127619
836,2024-10-01 07:00:00,Asia/Bangkok,46.86704585,6.954074074,7.084444444,36.02055556
837,2024-10-02 07:00:00,Asia/Bangkok,47.13788267,8.520385471,8.795555556,35.21264444
838,2024-10-03 07:00:00,Asia/Bangkok,46.91972526,4.402962963,4.422222222,36.68621481
839,2024-10-04 07:00:00,Asia/Bangkok,51.55444411,7.111934766,7.133432172,34.56292809
840,2024-10-05 07:00:00,Asia/Bangkok,46.45543732,9.096594858,9.137595552,36.27205698
841,2024-10-06 07:00:00,Asia/Bangkok,55.34082852,6.95037037,6.963703704,32.82631111
842,2024-10-07 07:00:00,Asia/Bangkok,50.60616963,4.79614094,4.848993289,34.35083054
843,2024-10-08 07:00:00,Asia/Bangkok,47.42086359,6.512490537,6.621498864,35.72193793
844,2024-10-09 07:00:00,Asia/Bangkok,48.80551727,5.886909373,5.95817196,35.14493416
845,2024-10-10 07:00:00,Asia/Bangkok,51.23429111,10.96455872,11.18888889,34.14442361
846,2024-10-11 07:00:00,Asia/Bangkok,48.93908211,8.576300085,8.721465077,35.51923339
847,2024-10-12 07:00:00,Asia/Bangkok,51.76255309,10.66712995,10.74704656,34.81261987
848,2024-10-13 07:00:00,Asia/Bangkok,51.41031984,7.986035687,8.699224806,34.25193023
849,2024-10-14 07:00:00,Asia/Bangkok,50.64970914,10.22203245,11.07514944,34.79850555
850,2024-10-15 07:00:00,Asia/Bangkok,49.23505544,10.16123908,10.2025417,35.53129468
851,2024-10-16 07:00:00,Asia/Bangkok,54.02107116,7.037542662,7.124573379,33.57664676
852,2024-10-17 07:00:00,Asia/Bangkok,47.63965065,7.799565847,7.892185239,35.91126628
853,2024-10-18 07:00:00,Asia/Bangkok,48.43114333,7.051282051,7.087179487,35.17046154
854,2024-10-19 07:00:00,Asia/Bangkok,50.59746896,9.053747161,9.150643452,33.7789402
855,2024-10-20 07:00:00,Asia/Bangkok,46.08017838,7.135303266,7.238724728,35.60454121
856,2024-10-21 07:00:00,Asia/Bangkok,43.91869166,8.018068103,8.057678944,36.73260598
857,2024-10-22 07:00:00,Asia/Bangkok,36.36586121,10.12666667,10.24204293,37.94337528
858,2024-10-23 07:00:00,Asia/Bangkok,34.96472969,9.34028357,9.366972477,38.22861551
859,2024-10-24 07:00:00,Asia/Bangkok,44.11001632,10.0907577,10.11323897,36.06547044
860,2024-10-25 07:00:00,Asia/Bangkok,49.30204694,10.84511517,10.93010326,34.66366164
861,2024-10-26 07:00:00,Asia/Bangkok,47.45628311,9.080888184,9.125297383,34.57626487
862,2024-10-27 07:00:00,Asia/Bangkok,49.01734356,5.185185185,5.228888889,34.29022963
863,2024-10-28 07:00:00,Asia/Bangkok,54.12942781,5.832840237,5.832840237,33.2481287
864,2024-10-29 07:00:00,Asia/Bangkok,51.6005458,7.816539263,7.830437804,34.36543433
865,2024-10-30 07:00:00,Asia/Bangkok,49.01060467,13.74573758,13.89547813,35.19219422
866,2024-10-31 07:00:00,Asia/Bangkok,43.48421097,6.960416667,7.014583333,36.83763889
867,2024-11-01 07:00:00,Asia/Bangkok,43.06024992,8.111904762,8.131746032,36.80357143
868,2024-11-02 07:00:00,Asia/Bangkok,40.12631828,4.576789437,4.590687978,37.69365532
869,2024-11-03 07:00:00,Asia/Bangkok,47.02895189,8.792738275,8.810892587,35.61266263
870,2024-11-04 07:00:00,Asia/Bangkok,47.9788568,6.875729775,6.879065888,35.42348624
871,2024-11-05 07:00:00,Asia/Bangkok,52.18383856,7.903801396,7.906128782,34.01524438
872,2024-11-06 07:00:00,Asia/Bangkok,50.28326397,3.737583395,3.788732394,34.25470719
873,2024-11-07 07:00:00,Asia/Bangkok,52.17308842,6.278035218,6.296570899,33.94989805
874,2024-11-08 07:00:00,Asia/Bangkok,49.75527169,3.074294205,3.082466568,34.58196137
875,2024-11-09 07:00:00,Asia/Bangkok,53.7108443,2.567153793,2.630041725,33.11003477
876,2024-11-10 07:00:00,Asia/Bangkok,56.45674463,3.80125523,3.80195258,32.12977685
877,2024-11-11 07:00:00,Asia/Bangkok,47.75848298,3.838518519,4.270170244,35.50683198
878,2024-11-12 07:00:00,Asia/Bangkok,48.80362307,2.467559217,2.46961895,35.88806385
879,2024-11-13 07:00:00,Asia/Bangkok,54.94480112,5.160531697,5.160531697,32.31350716
880,2024-11-14 07:00:00,Asia/Bangkok,44.18538777,9.541724618,9.660180681,37.15054899
881,2024-11-15 07:00:00,Asia/Bangkok,43.26324309,10.19946809,10.3125,37.70526596
882,2024-11-16 07:00:00,Asia/Bangkok,47.19006476,12.72395833,12.78559028,35.89427951
883,2024-11-17 07:00:00,Asia/Bangkok,45.53782259,6.751911049,6.824183461,36.77876998
884,2024-11-18 07:00:00,Asia/Bangkok,44.20959598,7.039555864,7.056210965,36.59768217
885,2024-11-19 07:00:00,Asia/Bangkok,45.3804566,6.196527778,6.201388889,35.79344444
886,2024-11-20 07:00:00,Asia/Bangkok,44.79741076,5.082405345,5.175816024,35.76754451
887,2024-11-21 07:00:00,Asia/Bangkok,51.27721364,3.162342476,3.175685693,33.79062268
888,2024-11-22 07:00:00,Asia/Bangkok,53.9371896,2.127171647,2.465325936,33.20273232
889,2024-11-23 07:00:00,Asia/Bangkok,53.95781422,3.499627699,3.508562919,32.88023827
890,2024-11-24 07:00:00,Asia/Bangkok,51.20377787,2.880851064,2.885106383,34.63102979
891,2024-11-25 07:00:00,Asia/Bangkok,52.27826009,1.744349182,1.75604053,34.13908807
892,2024-11-26 07:00:00,Asia/Bangkok,53.15027967,2.563253012,2.569277108,34.03571536
893,2024-11-27 07:00:00,Asia/Bangkok,58.54625774,4.490071485,4.490071485,31.13148531
894,2024-11-28 07:00:00,Asia/Bangkok,57.72039904,4.973333333,4.982222222,30.92091111
895,2024-11-29 07:00:00,Asia/Bangkok,58.48036597,1.865649964,1.957184325,30.90064586
896,2024-11-30 07:00:00,Asia/Bangkok,57.13108679,2.884615385,2.884615385,31.59614659
897,2024-12-01 07:00:00,Asia/Bangkok,51.80691093,8.888105727,8.907488987,33.57133921
898,2024-12-02 07:00:00,Asia/Bangkok,51.13266672,7.251510574,7.394716981,34.31670943
899,2024-12-03 07:00:00,Asia/Bangkok,45.65426933,9.67751938,9.830364059,36.18680868
900,2024-12-04 07:00:00,Asia/Bangkok,49.99589786,9.938937351,9.986518636,34.46966693
901,2024-12-05 07:00:00,Asia/Bangkok,50.5937864,6.833333333,6.852252252,34.00009009
902,2024-12-06 07:00:00,Asia/Bangkok,51.08143851,6.214648296,6.22480058,34.01682379
903,2024-12-07 07:00:00,Asia/Bangkok,45.55105268,6.393602225,6.562195969,36.08018068
904,2024-12-08 07:00:00,Asia/Bangkok,49.54217502,6.036478985,6.038858049,35.33995242
905,2024-12-09 07:00:00,Asia/Bangkok,45.89888579,4.619047619,4.620634921,36.14460317
906,2024-12-10 07:00:00,Asia/Bangkok,53.82930378,4.819866568,4.830985915,33.10726464
907,2024-12-11 07:00:00,Asia/Bangkok,50.20192439,8.263340263,8.302841303,34.67546778
908,2024-12-12 07:00:00,Asia/Bangkok,47.35591564,9.289317507,9.392142328,35.19455893
909,2024-12-13 07:00:00,Asia/Bangkok,53.39924718,12.75615568,12.78157268,33.26135028
910,2024-12-14 07:00:00,Asia/Bangkok,55.13498768,6.079491256,6.112877583,32.82596184
911,2024-12-15 07:00:00,Asia/Bangkok,55.61611221,3.026962728,3.040444092,32.53023791
912,2024-12-16 07:00:00,Asia/Bangkok,47.62213826,1.919129082,1.947900467,35.44013997
913,2024-12-17 07:00:00,Asia/Bangkok,54.92864068,2.822620016,2.835638731,32.53187144
914,2024-12-18 07:00:00,Asia/Bangkok,50.95271669,6.312861272,6.341040462,33.92586705
915,2024-12-19 07:00:00,Asia/Bangkok,48.26596788,7.170244264,7.190969652,34.75817913
916,2024-12-20 07:00:00,Asia/Bangkok,48.53794782,7.670896114,7.754956384,34.33900079
917,2024-12-21 07:00:00,Asia/Bangkok,44.9085362,8.503338898,8.657214345,34.93770642
918,2024-12-22 07:00:00,Asia/Bangkok,43.33647548,8.615873016,8.655555556,35.13748413
919,2024-12-23 07:00:00,Asia/Bangkok,44.70435687,11.31186967,11.34833204,34.40785105
920,2024-12-24 07:00:00,Asia/Bangkok,50.53161817,13.4675,13.55,32.81785
921,2024-12-25 07:00:00,Asia/Bangkok,46.07621162,13.92,14.11917098,33.8627017
922,2024-12-26 07:00:00,Asia/Bangkok,45.13486644,15.9851632,16.35777778,34.61028889
923,2024-12-27 07:00:00,Asia/Bangkok,45.0285055,10.128945,10.28944995,35.72837692
924,2024-12-28 07:00:00,Asia/Bangkok,50.32267668,4.047791455,4.049963794,34.56876901
925,2024-12-29 07:00:00,Asia/Bangkok,48.47217122,2.292501856,2.350890208,34.63288576
926,2024-12-30 07:00:00,Asia/Bangkok,49.02515942,2.723188406,2.723188406,33.68314493
927,2024-12-31 07:00:00,Asia/Bangkok,45.48842365,13.64365079,13.78888889,34.63734127
928,2025-01-01 07:00:00,Asia/Bangkok,43.82249475,18.23202055,27.27893422,35.26247294
929,2025-01-02 07:00:00,Asia/Bangkok,46.58655144,14.3410104,15.24056255,34.40264249
930,2025-01-03 07:00:00,Asia/Bangkok,45.25508975,13.58392999,13.83161239,35.07632248
931,2025-01-04 07:00:00,Asia/Bangkok,46.53255333,15.74814815,16.01333333,35.20554815
932,2025-01-05 07:00:00,Asia/Bangkok,46.74344026,10.70507309,11.53905579,34.98199142
933,2025-01-06 07:00:00,Asia/Bangkok,44.61507757,11.35381199,11.40784604,35.18401925
934,2025-01-07 07:00:00,Asia/Bangkok,46.36105619,17.4935305,17.58040665,34.41680222
935,2025-01-08 07:00:00,Asia/Bangkok,42.27849696,15.57937685,15.71216617,35.46066024
936,2025-01-09 07:00:00,Asia/Bangkok,42.59808469,19.90846878,21.03079555,35.06209581
937,2025-01-10 07:00:00,Asia/Bangkok,41.80997494,17.82474227,18.16494845,35.82973037
938,2025-01-11 07:00:00,Asia/Bangkok,44.75267158,15.77987897,16.07634165,34.66754346
939,2025-01-12 07:00:00,Asia/Bangkok,51.92124508,12.93492063,12.97619048,32.33381746
940,2025-01-13 07:00:00,Asia/Bangkok,49.62828184,14.17642698,14.55819125,31.92614529
941,2025-01-14 07:00:00,Asia/Bangkok,46.67860239,23.5704526,24.53498294,32.66879693
942,2025-01-15 07:00:00,Asia/Bangkok,47.4758969,22.00397141,22.58492063,33.02411111
943,2025-01-16 07:00:00,Asia/Bangkok,57.9079699,14.50317965,15.14217633,31.17737093
944,2025-01-17 07:00:00,Asia/Bangkok,52.11934944,2.462579618,2.462579618,32.42203025
945,2025-01-18 07:00:00,Asia/Bangkok,51.32681398,3.799212598,3.799212598,32.43145669
946,2025-01-19 07:00:00,Asia/Bangkok,53.00508834,15.03412698,15.24266455,32.47023791
947,2025-01-20 07:00:00,Asia/Bangkok,51.06127132,16.57448494,16.63866878,33.32961173
948,2025-01-21 07:00:00,Asia/Bangkok,43.67153809,7.783945346,7.803586678,34.72457728
949,2025-01-22 07:00:00,Asia/Bangkok,45.27406892,12.51494449,12.53970965,34.17345858
950,2025-01-23 07:00:00,Asia/Bangkok,43.52144043,16.03547672,16.06356245,34.87141168
951,2025-01-24 07:00:00,Asia/Bangkok,45.92489935,12.52566884,12.59508315,34.5335141
952,2025-01-25 07:00:00,Asia/Bangkok,53.04579238,6.912698413,6.934920635,33.37109524
953,2025-01-26 07:00:00,Asia/Bangkok,47.88396521,11.58212058,11.61399861,34.61942481
954,2025-01-27 07:00:00,Asia/Bangkok,47.52488641,5.28945506,5.291578202,34.66356688
955,2025-01-28 07:00:00,Asia/Bangkok,45.11807905,5.60475825,5.615502686,33.34828089
956,2025-01-29 07:00:00,Asia/Bangkok,46.26315812,5.363636364,5.463072378,33.01717134
957,2025-01-30 07:00:00,Asia/Bangkok,44.1004859,8.039045553,8.060014461,32.63655821
958,2025-01-31 07:00:00,Asia/Bangkok,42.20833259,8.075611564,8.17037037,32.55657037
959,2025-02-01 07:00:00,Asia/Bangkok,41.68469496,17.155902,17.8902891,33.38888065
960,2025-02-02 07:00:00,Asia/Bangkok,43.12942627,17.04611837,17.34792627,33.15509985
961,2025-02-03 07:00:00,Asia/Bangkok,40.54495915,16.88408779,17.35092529,33.89517478
962,2025-02-04 07:00:00,Asia/Bangkok,43.81436109,10.62991041,10.79752066,33.92036501
963,2025-02-05 07:00:00,Asia/Bangkok,44.1970659,4.481614996,4.48594088,34.07652487
964,2025-02-06 07:00:00,Asia/Bangkok,42.13681653,5.881129272,6.363232024,34.52023721
965,2025-02-07 07:00:00,Asia/Bangkok,43.63930892,9.531965272,9.543804262,33.66804262
966,2025-02-08 07:00:00,Asia/Bangkok,42.2518489,9.977366255,9.99382716,34.3680727
967,2025-02-09 07:00:00,Asia/Bangkok,42.29776568,7.547813195,7.554484804,34.1493106
968,2025-02-10 07:00:00,Asia/Bangkok,43.65922631,9.606481481,9.616512346,34.13386574
969,2025-02-11 07:00:00,Asia/Bangkok,42.14710367,12.76781778,12.98311307,34.64889134
970,2025-02-11 11:12:42,Asia/Bangkok,43.77662395,17.50299401,17.80838323,35.04562874
